product_id,product_type,timestamp,actual_price,promotional_price,competitor1,competitor2,competitor3,competitor4,competitor5,competitor6,competitor7,competitor8,competitor9,competitor10
product1,electronics,1719634495.6906104,1135.5,971.06,1111.28,1054.01,1071.95,985.95,1067.93,,,,,
product2,headphones,1719630171.2581084,382.81,328.23,329.8,370.58,362.83,358.85,326.14,341.0,326.08,350.87,375.15,338.65
product3,beverages,1719618316.2956326,3.19,2.76,2.72,2.77,3.1,3.12,2.83,2.74,3.08,3.05,2.75,2.8
product4,headphones,1719594655.3033493,345.34,338.11,300.58,344.35,,,,,,,,
product5,beverages,1719549932.967055,1.25,1.1,1.21,1.21,1.22,1.21,1.18,,,,,
product6,electronics,1719485027.4768536,1680.26,1445.41,1659.54,1432.92,1483.38,1582.39,1540.83,,,,,
product7,smartphones,1719426005.4841764,657.16,565.35,562.74,559.39,618.99,631.83,589.1,575.79,588.73,634.67,648.21,586.55
product8,headphones,1719385227.28527,139.78,128.61,132.34,137.03,,,,,,,,
product9,smartphones,1719342119.2697613,951.97,819.56,812.24,928.06,870.03,942.44,859.91,,,,,
product10,headphones,1719286158.1182623,244.65,213.14,216.66,231.91,213.85,226.54,224.38,231.37,234.3,218.98,223.12,233.66
product11,beverages,1719230731.687815,2.39,2.25,2.24,2.29,,,,,,,,
product12,beverages,1719195429.1737928,2.47,2.12,2.12,2.36,2.46,2.18,2.39,2.19,2.4,2.46,2.31,2.12
product13,headphones,1719115994.7172568,258.99,235.0,228.05,223.13,228.39,255.97,254.23,,,,,
product14,headphones,1719106881.9306297,186.4,158.49,181.23,166.14,,,,,,,,
product15,beverages,1719088372.5493917,1.38,1.18,1.24,1.26,1.19,1.23,1.18,1.18,1.18,1.37,1.37,1.24
product16,electronics,1719084420.0187075,1249.08,1204.98,1131.09,1228.84,,,,,,,,
product17,headphones,1719034627.888938,212.28,191.59,182.92,200.87,,,,,,,,
product18,electronics,1718986708.794871,1305.41,1121.94,1147.55,1217.12,1206.79,1151.83,1175.91,1111.04,1264.26,1207.87,1131.2,1225.45
product19,headphones,1718919531.421679,133.65,123.26,128.44,118.09,,,,,,,,
product20,headphones,1718906251.010205,331.21,296.11,327.2,330.98,325.46,291.99,288.65,,,,,
product21,beverages,1718862139.8680038,3.43,2.92,3.02,3.14,3.4,3.2,3.15,3.4,3.05,3.19,2.97,3.15
product22,beverages,1718788082.5507333,3.33,3.17,2.92,2.96,,,,,,,,
product23,beverages,1718724719.7265704,1.92,1.63,1.67,1.85,1.81,1.87,1.81,1.68,1.65,1.82,1.88,1.82
product24,beverages,1718701405.3306007,2.16,1.98,2.04,1.98,,,,,,,,
product25,smartphones,1718650777.6629093,1134.7,985.7,967.85,1083.8,1129.7,1031.84,1072.87,,,,,
product26,beverages,1718638544.3196285,2.58,2.21,2.33,2.43,2.2,2.57,2.38,,,,,
product27,headphones,1718560594.1337767,225.3,192.42,197.73,198.25,204.99,202.39,206.69,193.85,199.87,218.29,218.01,212.05
product28,electronics,1718555752.1208627,1637.97,1403.61,1425.61,1506.3,1544.09,1422.96,1545.78,1528.73,1532.11,1519.64,1567.24,1489.27
product29,smartphones,1718492259.073475,737.23,648.03,661.54,627.17,711.56,698.09,642.54,,,,,
product30,headphones,1718419786.44454,191.11,163.82,177.27,187.95,185.42,184.14,169.35,183.11,183.26,165.77,175.9,189.9
product31,electronics,1718384144.512135,509.08,433.64,503.15,497.81,505.74,475.72,455.6,456.47,469.51,470.05,469.46,489.89
product32,beverages,1718339116.770739,2.08,1.89,1.86,1.97,,,,,,,,
product33,smartphones,1718299744.3294487,830.22,711.93,725.68,769.5,825.37,751.85,759.76,,,,,
product34,beverages,1718223274.7720985,2.68,2.4,2.54,2.35,,,,,,,,
product35,beverages,1718201006.1147196,1.64,1.47,1.5,1.46,1.45,1.5,1.43,1.43,1.4,1.55,1.58,1.49
product36,smartphones,1718116819.0588331,836.54,712.52,716.37,783.8,753.0,730.54,792.39,,,,,
product37,beverages,1718067514.3485546,3.47,2.96,3.37,3.04,3.03,3.3,3.16,,,,,
product38,smartphones,1718051651.7838895,966.18,832.7,855.2,844.53,824.88,866.87,849.37,,,,,
product39,beverages,1718015053.9233878,1.01,0.88,0.97,0.86,0.91,0.95,0.97,0.92,0.97,1.0,0.96,0.9
product40,headphones,1717928938.8702574,222.85,190.82,218.36,216.58,202.51,216.1,212.54,,,,,
product41,smartphones,1717908564.167767,680.67,628.26,622.43,663.66,,,,,,,,
product42,beverages,1717875264.1653695,3.26,2.94,3.12,2.87,2.9,3.2,3.09,3.11,2.8,3.17,3.19,3.16
product43,smartphones,1717859180.4657075,1162.43,1064.45,991.18,1058.35,1051.07,1114.19,1112.41,,,,,
product44,electronics,1717854175.9012423,1489.26,1273.45,1452.27,1474.67,1299.79,1306.17,1435.58,1288.64,1297.39,1331.43,1391.75,1340.36
product45,headphones,1717840062.509747,358.25,322.26,309.69,325.52,307.26,331.64,313.65,,,,,
product46,electronics,1717791963.7275639,240.18,224.94,230.52,215.02,,,,,,,,
product47,smartphones,1717729103.4925275,589.61,502.89,509.09,570.89,565.76,537.76,554.41,,,,,
product48,beverages,1717719806.5397315,2.37,2.11,2.27,2.17,2.27,2.06,2.33,,,,,
product49,electronics,1717646256.427545,1591.88,1391.75,1360.74,1572.52,,,,,,,,
product50,beverages,1717614289.347636,2.58,2.32,2.47,2.24,,,,,,,,
product51,electronics,1717553612.3176215,1756.62,1654.23,1560.89,1666.6,,,,,,,,
product52,beverages,1717503299.9808,1.52,1.31,1.37,1.48,1.44,1.32,1.34,1.47,1.52,1.43,1.38,1.49
product53,headphones,1717447920.232477,347.54,313.42,329.46,319.65,,,,,,,,
product54,smartphones,1717385027.6011107,695.81,615.03,625.11,681.29,,,,,,,,
product55,smartphones,1717366561.0127923,1116.27,981.69,1024.61,1078.89,1102.12,1052.35,1059.5,,,,,
product56,smartphones,1717361812.273749,698.85,597.63,652.94,679.58,606.33,630.72,679.13,648.74,636.59,665.35,636.65,697.29
product57,electronics,1717311413.0241888,1033.41,884.58,998.7,889.64,942.48,1013.82,1003.48,,,,,
product58,electronics,1717279477.4718578,974.18,851.64,901.06,859.21,,,,,,,,
product59,headphones,1717262746.1140707,348.33,296.97,335.35,325.26,330.97,308.6,335.83,321.32,301.07,333.76,309.68,344.64
product60,smartphones,1717191941.6470804,617.99,532.65,544.75,563.52,,,,,,,,
product61,smartphones,1717119606.0185275,681.78,666.1,655.88,670.64,,,,,,,,
product62,headphones,1717068406.5790126,272.28,240.39,248.17,256.05,,,,,,,,
product63,beverages,1716986673.977296,2.91,2.51,2.63,2.8,2.54,2.73,2.79,2.9,2.86,2.76,2.84,2.63
product64,beverages,1716962356.3045073,2.33,2.03,2.02,2.08,,,,,,,,
product65,smartphones,1716954096.1942532,1221.36,1045.43,1045.47,1125.0,1166.1,1123.37,1178.25,1193.06,1124.73,1148.69,1092.3,1192.16
product66,smartphones,1716909950.9693067,691.63,596.6,675.29,648.94,621.42,597.68,621.18,,,,,
product67,smartphones,1716867915.706084,669.68,570.67,606.65,610.13,611.2,615.16,587.41,,,,,
product68,headphones,1716835031.222679,152.75,132.31,136.88,151.89,149.31,131.05,152.72,137.95,131.15,143.95,131.44,136.94
product69,smartphones,1716765871.150336,613.28,539.38,555.4,563.73,610.13,541.68,612.5,556.87,592.59,586.85,559.37,587.45
product70,beverages,1716726054.7427297,1.35,1.18,1.31,1.2,1.3,1.28,1.33,,,,,
product71,electronics,1716677437.7750268,1785.73,1522.56,1533.01,1776.1,1721.71,1588.41,1765.96,1661.4,1580.7,1679.99,1785.41,1638.03
product72,smartphones,1716625472.99443,1085.12,922.76,1070.4,1017.48,1009.61,1002.98,1048.8,927.92,931.64,1015.47,1007.26,993.98
product73,headphones,1716547209.0007665,377.33,358.84,331.77,375.07,,,,,,,,
product74,beverages,1716529891.1052039,3.16,2.7,3.04,3.13,2.75,3.06,3.1,,,,,
product75,smartphones,1716484623.6732993,649.18,562.2,603.01,586.95,622.8,644.97,598.74,,,,,
product76,electronics,1716462765.1753469,1801.75,1604.33,1795.96,1538.68,,,,,,,,
product77,headphones,1716441283.2711182,246.87,214.8,221.9,234.93,220.99,234.25,226.51,216.57,236.39,217.91,219.97,226.42
product78,electronics,1716396276.557312,1019.06,878.21,925.64,968.24,1012.45,915.74,1000.21,,,,,
product79,electronics,1716377788.4403434,200.08,173.09,187.73,174.28,194.09,196.83,199.46,,,,,
product80,headphones,1716357880.4537344,339.82,289.05,301.0,328.55,289.4,312.06,322.47,319.01,321.67,337.24,315.91,316.72
product81,electronics,1716349907.7602146,802.83,698.04,761.74,769.9,788.66,772.09,801.53,758.03,783.64,764.22,794.24,791.09
product82,headphones,1716300813.3041573,344.79,300.81,330.5,321.35,296.55,299.81,309.57,303.01,325.33,336.99,340.12,342.76
product83,electronics,1716219741.661807,1870.93,1612.17,1636.65,1824.58,1798.88,1795.62,1702.83,1702.21,1776.56,1697.38,1788.08,1604.79
product84,beverages,1716160639.5218062,1.46,1.25,1.3,1.41,,,,,,,,
product85,beverages,1716152332.8989103,1.89,1.62,1.64,1.78,1.83,1.67,1.8,1.62,1.72,1.87,1.74,1.72
product86,smartphones,1716071398.3363578,1281.73,1181.15,1102.18,1113.22,,,,,,,,
product87,smartphones,1716048380.3510811,807.86,702.83,805.91,778.44,769.76,778.43,691.42,,,,,
product88,electronics,1715985138.2758117,473.79,402.91,442.07,459.61,453.22,428.18,471.02,438.37,470.69,414.56,429.21,445.26
product89,smartphones,1715912881.429199,628.63,539.88,625.48,610.36,580.45,547.7,582.33,,,,,
product90,smartphones,1715901667.2226098,1000.68,853.63,967.34,961.43,981.76,959.76,955.11,,,,,
product91,beverages,1715845331.6414995,3.26,2.79,3.03,3.16,3.21,3.05,3.17,,,,,
product92,headphones,1715822120.283371,368.78,352.4,347.73,359.58,,,,,,,,
product93,smartphones,1715793072.6853907,607.05,527.44,526.31,548.16,541.65,572.71,577.84,577.43,578.25,548.7,556.97,596.89
product94,beverages,1715717215.435972,1.03,0.88,0.98,0.97,0.88,1.0,0.9,0.91,0.94,0.98,0.95,0.94
product95,headphones,1715678045.2304733,342.92,304.84,326.25,330.05,335.74,310.8,292.38,335.34,327.57,294.88,326.04,309.9
product96,smartphones,1715665195.9728327,1203.12,1056.66,1171.75,1168.23,1182.03,1180.03,1031.13,1040.46,1123.17,1146.93,1156.43,1098.52
product97,headphones,1715626382.662955,302.08,259.76,259.92,294.54,,,,,,,,
product98,beverages,1715615259.7164977,1.71,1.55,1.68,1.56,,,,,,,,
product99,electronics,1715566866.098285,1054.04,915.97,899.48,1024.64,907.33,1041.92,1004.02,907.18,908.38,903.79,955.81,1006.73
product100,electronics,1715533498.8254366,1129.34,1054.44,1056.13,994.44,,,,,,,,
product101,beverages,1715458397.4632218,2.14,1.89,1.88,1.92,,,,,,,,
product102,electronics,1715404857.0090942,408.02,349.25,350.01,402.46,384.05,393.1,385.93,369.89,406.53,406.82,354.96,366.33
product103,smartphones,1715349523.6682732,730.26,648.23,651.03,630.74,627.97,669.0,643.57,,,,,
product104,beverages,1715296748.0229306,2.58,2.22,2.56,2.28,2.38,2.36,2.5,2.25,2.38,2.27,2.57,2.28
product105,beverages,1715215804.072585,1.74,1.51,1.55,1.51,,,,,,,,
product106,electronics,1715192466.3087332,792.78,676.71,685.66,706.2,,,,,,,,
product107,beverages,1715140258.9194877,1.92,1.64,1.73,1.76,1.81,1.68,1.77,1.66,1.65,1.79,1.72,1.63
product108,smartphones,1715105796.2712998,1161.46,990.4,1086.49,1159.18,1135.89,988.95,1156.9,,,,,
product109,smartphones,1715093647.212189,1285.72,1093.19,1281.89,1226.98,1275.89,1113.13,1148.34,,,,,
product110,headphones,1715021310.3443062,239.06,207.57,208.47,231.96,230.31,215.6,209.09,215.85,232.5,213.13,226.79,223.06
product111,beverages,1714955461.3372226,1.34,1.22,1.26,1.18,1.23,1.22,1.21,,,,,
product112,headphones,1714950030.0853937,151.29,132.23,151.2,148.69,133.23,143.29,140.09,,,,,
product113,smartphones,1714872377.009325,1176.69,1015.99,1013.86,1121.18,1108.61,1072.65,1116.97,1140.61,1016.54,1054.09,1138.22,1093.79
product114,electronics,1714792401.51055,937.53,831.32,921.61,841.43,,,,,,,,
product115,smartphones,1714730569.9806993,1094.29,1015.36,1045.31,1013.86,,,,,,,,
product116,headphones,1714693153.6659377,230.22,207.91,199.83,223.16,,,,,,,,
product117,headphones,1714638352.815035,187.66,161.1,170.66,171.26,174.58,185.24,176.04,175.99,164.64,178.13,166.28,159.67
product118,electronics,1714579479.3125577,259.82,227.3,244.35,250.15,231.78,237.09,258.42,245.0,240.13,225.67,238.35,227.77
product119,smartphones,1714520827.7242696,512.4,469.03,453.35,479.44,,,,,,,,
product120,smartphones,1714491505.455751,1097.3,948.87,1081.89,1037.33,1075.16,1063.06,992.29,961.03,1080.2,977.09,1045.99,1035.08
product121,electronics,1714452913.4729333,1258.44,1076.06,1159.51,1187.96,1172.34,1107.51,1237.96,1102.72,1210.91,1229.65,1184.19,1205.03
product122,smartphones,1714395183.7581148,1232.98,1049.68,1137.49,1208.7,1083.46,1206.11,1110.88,,,,,
product123,smartphones,1714385131.1445847,1096.06,979.5,1080.7,1017.11,1011.23,971.19,943.19,,,,,
product124,smartphones,1714366068.1380756,1061.48,918.23,952.38,962.25,,,,,,,,
product125,smartphones,1714360359.5029223,587.25,502.38,526.83,526.96,583.52,553.24,521.63,560.89,520.83,529.89,531.74,578.06
product126,smartphones,1714328751.7039402,596.44,507.66,538.37,594.38,511.93,536.21,542.3,562.63,566.11,576.8,538.56,519.28
product127,beverages,1714288493.7298791,2.07,1.79,1.96,2.02,1.94,1.92,1.82,,,,,
product128,headphones,1714210402.4699574,342.91,293.15,312.67,316.04,332.03,321.91,340.66,329.42,325.03,301.48,306.98,338.31
product129,electronics,1714148805.6757774,718.98,627.31,701.44,660.46,,,,,,,,
product130,smartphones,1714133263.7903447,1064.37,930.53,1019.82,917.01,1004.84,912.01,914.06,975.43,1003.43,1007.87,1050.3,1014.69
product131,smartphones,1714123607.5280445,645.77,564.31,596.94,597.04,558.62,600.13,563.52,,,,,
product132,smartphones,1714089343.0189342,1213.94,1053.49,1136.86,1136.45,1151.91,1146.31,1171.3,1149.54,1042.03,1050.04,1168.43,1082.29
product133,smartphones,1714025683.1886852,1094.9,952.01,980.35,1009.26,1043.2,1088.42,972.65,,,,,
product134,headphones,1713978540.8637333,104.72,89.64,103.59,103.67,100.65,101.08,98.77,,,,,
product135,headphones,1713926988.886058,324.57,277.0,286.54,280.7,,,,,,,,
product136,headphones,1713877712.439145,311.61,271.33,289.67,305.29,,,,,,,,
product137,smartphones,1713849448.8485749,924.64,805.31,797.03,868.82,,,,,,,,
product138,beverages,1713820895.8579302,1.68,1.6,1.68,1.5,,,,,,,,
product139,electronics,1713736481.3867738,228.48,201.73,225.95,203.82,217.58,226.88,202.71,,,,,
product140,beverages,1713726202.9223938,1.03,0.9,0.88,1.02,,,,,,,,
product141,electronics,1713676336.0225945,1131.62,963.92,1125.33,985.79,965.72,1033.6,1049.58,1106.66,1036.29,973.8,1127.87,1117.63
product142,headphones,1713653678.8933012,311.73,276.31,267.52,265.7,304.34,274.22,284.82,,,,,
product143,headphones,1713580049.5616126,152.55,130.4,135.84,134.54,152.24,132.5,133.41,,,,,
product144,smartphones,1713566775.7269316,1002.0,859.29,852.0,872.52,1001.34,1000.67,1000.89,,,,,
product145,headphones,1713483744.4541254,128.17,109.67,127.81,109.78,111.87,115.56,119.63,119.12,121.18,111.22,111.25,114.14
product146,smartphones,1713452051.0322523,1236.7,1057.11,1141.94,1162.55,,,,,,,,
product147,beverages,1713442996.296145,1.17,1.0,1.0,1.09,1.01,1.01,1.07,1.15,1.01,1.1,1.08,1.12
product148,electronics,1713360157.7112982,1957.54,1694.61,1912.12,1704.06,1677.47,1683.92,1944.09,1806.9,1778.67,1869.43,1887.09,1826.89
product149,beverages,1713295525.2264717,1.1,0.96,1.06,0.99,1.05,1.08,1.06,1.05,1.01,1.05,1.05,1.1
product150,electronics,1713238842.9067414,1260.18,1076.46,1091.28,1094.91,1084.02,1131.49,1214.21,1211.11,1246.12,1129.17,1192.56,1097.86
product151,smartphones,1713229654.2619777,632.38,544.39,583.46,605.56,620.59,593.69,543.05,567.35,608.47,554.7,625.4,552.5
product152,smartphones,1713220806.6430063,794.22,697.3,751.42,693.45,709.58,748.26,753.98,,,,,
product153,electronics,1713196303.329423,1989.22,1699.77,1771.7,1947.76,1834.25,1737.72,1860.87,1838.47,1735.45,1988.45,1883.4,1846.54
product154,beverages,1713190823.6860812,1.5,1.3,1.38,1.4,1.38,1.34,1.39,,,,,
product155,headphones,1713135965.5775988,178.1,151.87,155.48,154.09,155.49,172.1,151.5,160.94,157.96,160.81,154.93,158.69
product156,headphones,1713110659.0715456,205.67,178.04,180.15,197.33,174.88,204.8,183.34,177.61,196.09,199.06,181.32,177.65
product157,beverages,1713092480.3319654,2.05,1.78,1.81,1.95,1.91,1.89,1.82,,,,,
product158,headphones,1713074047.8240476,260.16,251.73,225.0,236.03,,,,,,,,
product159,beverages,1713047449.6615558,1.87,1.72,1.85,1.6,,,,,,,,
product160,electronics,1713009294.2231627,730.9,622.57,717.52,650.81,680.22,630.7,715.91,695.63,702.02,691.95,631.37,724.26
product161,smartphones,1712965700.7902067,963.33,821.46,879.29,933.52,832.05,864.65,958.31,,,,,
product162,electronics,1712959470.8339918,982.97,893.35,879.1,863.01,896.18,837.52,897.56,,,,,
product163,smartphones,1712929937.0786912,819.87,698.71,797.09,698.52,725.95,816.34,760.53,,,,,
product164,electronics,1712915684.336409,446.47,401.22,398.7,396.51,413.73,442.52,417.28,,,,,
product165,headphones,1712860582.7483473,144.3,123.52,137.89,138.67,141.87,122.68,124.08,133.6,139.86,124.1,143.27,133.0
product166,smartphones,1712833418.3294492,1230.57,1121.33,1070.15,1202.5,,,,,,,,
product167,electronics,1712767916.425788,552.23,482.59,538.92,518.16,,,,,,,,
product168,electronics,1712759771.9173744,1903.64,1679.25,1647.46,1798.28,1663.54,1656.36,1805.78,1797.33,1822.72,1740.75,1859.96,1662.45
product169,electronics,1712745167.7058778,1809.51,1594.64,1754.81,1606.97,1580.73,1570.03,1741.27,,,,,
product170,smartphones,1712678802.5119245,1281.98,1098.86,1226.94,1278.6,1154.67,1093.52,1090.63,1251.14,1196.15,1194.65,1214.58,1166.68
product171,headphones,1712652969.9136841,277.98,237.17,247.6,242.29,241.3,276.59,272.33,,,,,
product172,headphones,1712577069.811299,346.16,328.59,305.34,324.65,,,,,,,,
product173,smartphones,1712525024.7828455,1026.51,909.4,974.13,910.9,1019.06,879.75,996.8,908.78,903.27,899.16,974.96,1017.68
product174,electronics,1712471697.324625,771.22,662.89,712.15,740.52,696.59,656.56,696.65,,,,,
product175,smartphones,1712466427.5811148,541.55,462.87,474.7,530.29,495.32,515.33,490.4,541.43,465.95,518.88,486.55,527.91
product176,electronics,1712410414.4521968,1988.73,1721.78,1877.94,1834.02,1961.36,1695.45,1821.52,,,,,
product177,headphones,1712378548.5101604,394.01,339.45,354.62,381.17,346.52,383.4,350.35,343.13,362.68,341.02,348.38,379.83
product178,beverages,1712348454.893278,3.07,2.62,2.85,2.86,2.7,3.05,2.64,3.06,2.81,2.94,2.78,2.93
product179,electronics,1712283397.2164419,1433.73,1233.74,1350.3,1377.51,1313.44,1432.1,1367.49,,,,,
product180,headphones,1712256518.7110162,253.57,217.46,230.34,224.96,225.06,222.33,221.14,242.23,241.06,231.46,246.58,219.21
product181,smartphones,1712215205.3170545,626.73,589.04,555.73,536.41,,,,,,,,
product182,electronics,1712203690.112138,1565.63,1347.65,1343.45,1441.67,1398.24,1344.44,1379.16,1390.58,1350.62,1366.84,1484.46,1400.55
product183,headphones,1712159567.5180433,234.12,199.13,227.5,203.38,218.0,217.91,199.43,218.93,227.48,220.17,227.01,230.55
product184,smartphones,1712093678.0316195,636.56,550.87,588.26,633.71,600.81,578.76,546.36,566.27,604.71,566.64,635.88,593.84
product185,smartphones,1712074779.66856,980.76,862.11,974.8,899.4,955.43,914.7,941.49,884.45,927.45,967.25,874.39,959.37
product186,electronics,1711990150.7379465,578.19,512.24,547.91,570.59,526.26,572.11,542.64,,,,,
product187,electronics,1711952580.8263264,1422.89,1272.26,1261.58,1239.35,1325.61,1232.27,1248.59,1295.81,1408.54,1251.03,1290.34,1279.04
product188,smartphones,1711916003.9609904,1237.56,1053.6,1213.51,1105.61,,,,,,,,
product189,electronics,1711857782.5644257,1167.1,992.76,1003.27,1032.94,1031.64,1026.42,1144.88,1160.73,1020.07,993.83,1083.83,1143.64
product190,beverages,1711803654.3065212,2.39,2.19,2.09,2.14,2.23,2.31,2.21,,,,,
product191,smartphones,1711780635.9147058,614.12,549.44,613.69,529.81,539.83,538.21,587.67,,,,,
product192,beverages,1711758054.4854817,1.39,1.25,1.21,1.31,1.37,1.35,1.36,,,,,
product193,beverages,1711729090.9701939,2.85,2.47,2.47,2.61,2.63,2.73,2.61,2.7,2.44,2.74,2.66,2.44
product194,smartphones,1711697685.5001895,1061.14,929.38,1031.09,959.47,1006.57,939.8,964.85,,,,,
product195,electronics,1711662618.7422407,1075.48,935.73,941.95,960.3,925.53,921.07,958.11,,,,,
product196,smartphones,1711640840.1553082,1281.02,1166.03,1161.6,1219.17,1150.99,1155.79,1104.05,,,,,
product197,smartphones,1711556095.6972868,695.6,597.43,599.66,621.87,,,,,,,,
product198,smartphones,1711496404.8250966,561.24,478.21,498.29,488.99,506.58,529.53,534.04,,,,,
product199,smartphones,1711413779.219796,1170.91,1001.47,1076.57,1045.64,1067.4,1113.41,1124.03,,,,,
product200,smartphones,1711393041.7263978,1083.01,931.4,1051.79,1051.7,956.39,1030.0,975.53,,,,,
product201,smartphones,1711335980.385002,1208.14,1166.56,1152.88,1030.45,,,,,,,,
product202,headphones,1711324514.219137,386.98,331.07,358.32,385.49,361.19,360.7,382.95,366.49,385.35,329.35,352.18,376.91
product203,headphones,1711290767.1190674,288.94,251.17,280.06,256.9,277.39,264.2,276.61,,,,,
product204,beverages,1711272803.606544,1.43,1.22,1.35,1.3,1.31,1.32,1.4,1.41,1.34,1.42,1.35,1.42
product205,headphones,1711190932.5575633,281.38,242.03,244.85,242.22,248.95,280.61,245.38,263.49,273.18,278.19,252.13,275.82
product206,electronics,1711154950.678107,507.86,435.25,466.56,476.74,,,,,,,,
product207,smartphones,1711110033.0339723,873.4,799.92,765.0,838.93,,,,,,,,
product208,smartphones,1711102692.1672068,994.06,859.65,982.44,935.83,,,,,,,,
product209,electronics,1711031441.0618002,1120.54,983.47,1055.04,1030.71,1100.86,1024.67,956.08,1101.32,1063.58,990.89,1092.73,1017.77
product210,smartphones,1710966345.6354508,1111.07,988.69,1065.46,968.47,,,,,,,,
product211,electronics,1710920965.025209,1444.03,1251.54,1406.65,1387.85,1378.08,1392.47,1348.61,1381.93,1286.34,1396.69,1236.05,1264.09
product212,beverages,1710882499.3796701,1.39,1.18,1.18,1.36,1.32,1.37,1.38,,,,,
product213,beverages,1710851594.1310234,1.35,1.2,1.21,1.21,1.25,1.23,1.23,,,,,
product214,beverages,1710800967.2909124,2.45,2.1,2.37,2.11,,,,,,,,
product215,smartphones,1710740521.2222278,950.06,897.64,917.95,912.86,,,,,,,,
product216,electronics,1710702677.8119693,900.17,783.52,874.96,837.98,841.97,789.97,800.69,776.18,898.6,814.05,826.54,889.98
product217,beverages,1710644098.4099317,2.72,2.49,2.61,2.67,,,,,,,,
product218,beverages,1710635992.2292497,3.05,2.83,2.77,2.65,,,,,,,,
product219,beverages,1710628361.910231,3.0,2.93,2.72,2.88,,,,,,,,
product220,headphones,1710560067.9870648,260.82,228.57,256.44,245.25,236.92,243.4,232.14,226.22,241.86,244.72,249.88,234.53
product221,headphones,1710478916.5266597,145.04,129.96,135.95,136.67,,,,,,,,
product222,electronics,1710431904.3149164,689.02,597.48,593.55,666.2,,,,,,,,
product223,electronics,1710382436.6588943,303.23,258.41,263.12,262.63,271.26,300.17,274.64,273.9,264.58,259.25,271.19,264.84
product224,smartphones,1710332416.5123234,661.57,617.13,609.13,592.83,,,,,,,,
product225,smartphones,1710293579.432502,601.39,529.24,595.15,538.78,,,,,,,,
product226,beverages,1710220259.7451754,2.1,1.81,1.99,2.04,1.88,1.98,1.81,,,,,
product227,smartphones,1710216597.6577346,617.71,532.96,585.94,570.93,,,,,,,,
product228,headphones,1710199956.260166,171.04,147.05,148.63,156.8,,,,,,,,
product229,smartphones,1710160578.6270509,965.17,860.0,939.15,920.18,,,,,,,,
product230,electronics,1710128649.5635543,1478.89,1265.79,1384.98,1291.14,,,,,,,,
product231,beverages,1710087237.75772,1.59,1.44,1.5,1.56,,,,,,,,
product232,electronics,1710059658.0358095,1817.8,1548.1,1553.5,1795.4,1559.62,1611.89,1673.18,1610.85,1630.71,1814.5,1773.57,1804.33
product233,headphones,1710016140.4338632,107.63,95.17,94.68,106.17,104.38,101.26,100.95,,,,,
product234,electronics,1709967444.737406,1685.92,1473.97,1681.85,1470.76,,,,,,,,
product235,electronics,1709947295.1727102,1837.1,1577.3,1742.3,1634.17,1801.72,1686.23,1675.83,1569.58,1731.57,1592.13,1621.01,1686.88
product236,beverages,1709868043.6938698,3.42,2.94,3.16,3.18,3.06,3.31,3.24,2.99,3.01,3.09,3.04,2.98
product237,electronics,1709819975.3837135,1530.45,1349.21,1365.08,1507.87,,,,,,,,
product238,headphones,1709782176.5535145,317.79,284.12,295.44,304.51,298.98,317.07,301.68,,,,,
product239,smartphones,1709775046.0406935,666.96,571.57,638.23,632.63,597.49,621.77,660.82,,,,,
product240,beverages,1709733887.3813589,1.18,1.03,1.16,1.01,,,,,,,,
product241,electronics,1709669022.840732,1968.7,1727.98,1753.89,1826.07,1816.54,1686.11,1937.6,,,,,
product242,smartphones,1709584052.320692,540.15,489.27,479.47,510.37,507.46,490.51,534.31,,,,,
product243,headphones,1709539961.2648716,221.97,188.92,218.3,204.41,196.37,197.79,194.52,203.22,213.02,205.54,220.64,214.07
product244,headphones,1709488246.821203,168.44,159.76,165.27,148.37,,,,,,,,
product245,electronics,1709470054.1327415,971.6,861.08,938.74,887.63,848.71,964.77,875.77,,,,,
product246,headphones,1709425789.5787756,101.98,89.53,89.11,90.51,91.7,92.4,96.42,,,,,
product247,headphones,1709381509.5628507,228.79,196.54,224.4,228.45,203.44,198.58,219.48,213.78,222.14,215.22,216.27,207.51
product248,smartphones,1709348565.060715,656.27,577.58,589.21,599.01,624.01,649.63,595.33,643.98,577.72,563.17,601.15,628.2
product249,electronics,1709336292.9879067,671.59,626.31,633.01,666.76,,,,,,,,
product250,beverages,1709314036.9853315,3.14,2.75,2.95,2.89,,,,,,,,
product251,electronics,1709292108.5413127,1477.65,1280.62,1268.32,1431.49,1404.56,1347.9,1282.42,,,,,
product252,smartphones,1709210510.4098356,918.91,781.54,861.18,790.01,836.44,897.24,841.32,830.89,847.22,859.07,846.69,830.18
product253,beverages,1709164691.6513748,2.7,2.3,2.68,2.57,2.55,2.36,2.5,2.61,2.36,2.63,2.65,2.43
product254,electronics,1709139799.603484,1392.87,1184.01,1297.47,1226.74,1265.0,1270.28,1261.78,1249.67,1315.95,1343.34,1234.91,1192.0
product255,headphones,1709127906.2286646,179.61,153.8,166.7,173.09,173.61,162.85,156.22,164.48,161.21,169.21,175.19,175.96
product256,electronics,1709077701.918446,890.6,767.98,787.33,883.3,838.59,769.05,797.73,,,,,
product257,electronics,1709064946.8715634,1624.88,1429.17,1400.83,1446.86,1597.36,1429.34,1454.27,,,,,
product258,beverages,1709045603.2566736,1.18,1.02,1.01,1.09,1.04,1.1,1.14,1.13,1.15,1.07,1.08,1.05
product259,electronics,1709041224.3006225,442.1,412.85,441.72,411.8,,,,,,,,
product260,electronics,1708977398.7096765,453.35,386.72,424.84,442.44,,,,,,,,
product261,electronics,1708946124.745194,854.75,749.83,790.91,846.86,,,,,,,,
product262,smartphones,1708918269.6386676,789.07,675.99,694.44,772.59,744.74,725.52,764.71,734.94,781.38,777.02,785.98,705.09
product263,headphones,1708888069.190905,300.89,265.85,268.68,292.5,,,,,,,,
product264,smartphones,1708848009.0096846,621.34,578.98,577.79,611.5,,,,,,,,
product265,beverages,1708828036.852446,1.3,1.15,1.16,1.14,1.28,1.26,1.13,1.11,1.28,1.28,1.13,1.18
product266,electronics,1708767880.4460962,1837.34,1702.55,1794.24,1611.15,,,,,,,,
product267,electronics,1708744913.7254705,1344.82,1151.22,1197.73,1198.98,1331.02,1242.88,1154.08,,,,,
product268,beverages,1708662993.204961,1.02,0.88,0.88,0.89,1.0,1.01,0.88,0.98,0.97,0.89,0.98,0.98
product269,smartphones,1708656242.0029314,599.41,529.1,521.47,597.68,,,,,,,,
product270,headphones,1708603784.9279613,114.08,99.18,102.57,109.71,108.28,104.73,99.09,109.21,109.12,110.66,109.94,110.59
product271,headphones,1708589220.76664,123.99,109.87,114.37,115.27,118.95,111.75,112.32,,,,,
product272,smartphones,1708574441.340511,809.62,699.05,755.19,787.55,730.16,728.91,789.61,,,,,
product273,headphones,1708544098.8903222,390.94,336.08,348.64,383.92,352.44,380.27,377.04,336.19,382.26,344.51,374.5,338.29
product274,smartphones,1708534795.585097,1152.98,1024.85,980.78,1109.85,,,,,,,,
product275,headphones,1708501697.4828591,192.85,175.88,174.3,191.5,,,,,,,,
product276,smartphones,1708491941.11936,941.25,814.36,936.27,873.9,851.7,899.75,936.72,869.77,941.0,842.62,815.24,808.51
product277,beverages,1708457170.2206626,2.04,1.74,1.86,1.93,1.92,1.84,1.92,2.02,1.8,2.01,1.9,1.96
product278,electronics,1708392788.0819137,372.67,321.24,332.02,362.3,323.45,341.42,354.81,331.24,326.68,346.51,340.78,327.78
product279,beverages,1708382792.608832,2.64,2.26,2.58,2.62,2.37,2.49,2.61,2.47,2.29,2.46,2.35,2.44
product280,electronics,1708377001.8098829,1819.68,1670.3,1807.48,1572.54,,,,,,,,
product281,beverages,1708348340.8632147,2.44,2.07,2.42,2.31,2.16,2.34,2.31,2.31,2.11,2.28,2.18,2.39
product282,smartphones,1708342871.2545662,982.09,851.25,835.33,951.57,966.72,943.69,942.04,864.44,870.67,876.46,955.23,861.49
product283,headphones,1708283478.1375978,379.0,345.41,327.15,340.22,323.98,325.3,324.4,,,,,
product284,electronics,1708197926.297301,1106.82,964.09,959.4,1000.24,987.19,992.27,988.78,,,,,
product285,electronics,1708130367.0908961,1635.63,1595.55,1448.92,1573.33,,,,,,,,
product286,beverages,1708109256.5154707,2.87,2.48,2.77,2.73,2.48,2.82,2.74,,,,,
product287,smartphones,1708094226.9502258,693.76,602.29,615.29,603.34,645.76,651.97,685.15,,,,,
product288,smartphones,1708070651.3667185,1244.72,1061.02,1226.15,1141.99,1119.85,1130.03,1224.84,,,,,
product289,smartphones,1708019893.0473895,729.55,629.51,711.87,721.52,710.45,723.67,639.96,666.88,677.09,700.87,668.66,727.26
product290,electronics,1708011372.4211633,1172.44,1007.69,1069.52,1073.98,999.32,1101.15,1087.54,1129.96,1154.16,1102.2,1009.96,1154.51
product291,beverages,1707929556.6790216,3.12,2.79,2.67,2.7,2.96,2.97,2.92,,,,,
product292,smartphones,1707893519.550145,532.48,459.41,496.07,500.95,506.95,492.78,487.08,460.14,481.14,530.61,453.68,527.69
product293,electronics,1707857076.7187316,1465.97,1269.8,1380.17,1440.15,1287.36,1340.96,1405.26,,,,,
product294,smartphones,1707801301.1601892,1238.17,1056.67,1062.14,1220.48,1188.18,1146.05,1182.09,,,,,
product295,beverages,1707780621.807094,1.22,1.09,1.11,1.08,1.1,1.21,1.22,1.08,1.15,1.18,1.08,1.22
product296,headphones,1707721966.0010839,174.65,148.8,163.36,170.83,166.51,158.31,173.37,161.8,159.6,163.24,162.82,155.2
product297,smartphones,1707712529.9310737,518.09,450.77,495.91,494.01,448.02,463.59,459.15,,,,,
product298,electronics,1707688637.6326861,1869.2,1600.58,1628.56,1811.6,1627.51,1711.62,1809.59,,,,,
product299,headphones,1707606416.1808302,192.56,174.91,173.31,186.97,180.59,192.54,175.63,,,,,
product300,smartphones,1707552936.113423,1241.52,1142.98,1213.7,1085.62,,,,,,,,
product301,electronics,1707530727.2854784,1638.98,1467.58,1534.0,1493.66,,,,,,,,
product302,beverages,1707511688.4152534,2.02,1.74,1.86,1.92,,,,,,,,
product303,smartphones,1707484251.6127934,1227.33,1058.45,1106.58,1164.76,1180.94,1094.91,1156.97,1084.48,1197.0,1191.64,1089.69,1100.24
product304,beverages,1707398268.7345529,2.96,2.53,2.83,2.67,2.92,2.72,2.82,,,,,
product305,smartphones,1707351252.0713508,1052.62,901.36,921.05,994.13,,,,,,,,
product306,smartphones,1707334040.984241,1260.81,1128.0,1167.33,1183.29,,,,,,,,
product307,electronics,1707274500.7954023,738.66,636.03,712.87,727.69,,,,,,,,
product308,headphones,1707261560.6552384,136.26,122.55,124.1,126.58,134.19,121.72,129.83,,,,,
product309,smartphones,1707205479.4804447,1182.19,1086.08,1138.96,1054.09,,,,,,,,
product310,headphones,1707197273.563812,340.4,295.45,296.32,338.66,307.28,315.62,320.49,333.66,304.83,328.6,314.78,294.78
product311,smartphones,1707186492.0733356,900.63,772.66,821.66,792.77,777.51,781.0,853.06,,,,,
product312,headphones,1707148059.2503967,397.78,347.67,371.92,350.33,355.74,341.29,349.38,,,,,
product313,smartphones,1707074088.6902053,1125.27,1027.71,1061.5,969.94,,,,,,,,
product314,beverages,1707067828.4326053,1.71,1.51,1.47,1.46,1.65,1.55,1.66,,,,,
product315,beverages,1706995009.3984196,1.51,1.34,1.29,1.35,1.48,1.36,1.29,1.4,1.38,1.38,1.45,1.51
product316,electronics,1706956610.9061635,1935.33,1763.87,1674.39,1765.49,,,,,,,,
product317,headphones,1706883022.0628955,351.64,335.23,324.1,343.88,,,,,,,,
product318,electronics,1706875287.1877024,380.29,345.49,374.05,367.36,370.25,344.31,379.81,,,,,
product319,headphones,1706814136.8680081,296.41,256.64,295.09,268.73,259.34,271.15,266.55,,,,,
product320,headphones,1706798548.0124335,306.03,260.99,268.94,265.8,284.81,284.73,260.15,298.72,282.87,295.41,299.17,270.66
product321,beverages,1706730387.5727136,3.14,2.67,2.71,2.74,3.03,2.84,2.79,3.13,2.84,2.97,2.75,3.02
product322,electronics,1706688232.382815,1490.34,1280.37,1369.17,1472.72,1356.47,1317.9,1425.37,,,,,
product323,electronics,1706611580.5046499,1598.36,1516.65,1567.98,1390.52,,,,,,,,
product324,smartphones,1706555263.1021614,702.86,645.23,614.31,659.75,,,,,,,,
product325,beverages,1706513289.355215,2.88,2.55,2.45,2.85,2.8,2.58,2.53,,,,,
product326,headphones,1706494206.232302,119.7,103.42,108.97,103.63,105.81,118.4,110.89,118.92,110.62,107.95,111.35,115.41
product327,smartphones,1706432643.974035,1215.29,1157.7,1067.35,1209.58,,,,,,,,
product328,beverages,1706348137.986671,2.49,2.18,2.21,2.45,,,,,,,,
product329,headphones,1706262783.225181,156.87,148.8,137.77,143.28,,,,,,,,
product330,electronics,1706233169.9378786,729.27,673.61,650.72,647.81,,,,,,,,
product331,electronics,1706199830.088376,1242.19,1098.46,1228.33,1226.7,1169.15,1223.7,1138.85,1217.46,1190.38,1212.32,1083.42,1159.29
product332,smartphones,1706187065.3049188,673.63,580.44,595.43,611.14,576.12,579.98,661.81,,,,,
product333,electronics,1706166944.6779413,1271.98,1159.77,1122.07,1130.06,1164.54,1103.95,1179.17,,,,,
product334,beverages,1706093724.3705275,2.53,2.16,2.22,2.43,2.2,2.37,2.33,,,,,
product335,beverages,1706015588.8002436,2.2,1.89,2.14,1.95,2.2,1.88,2.17,2.17,2.08,2.11,1.96,2.06
product336,smartphones,1705981889.2904077,1050.39,905.8,928.84,978.61,914.84,1044.04,1012.67,,,,,
product337,electronics,1705960633.6590571,925.95,787.23,841.58,903.63,818.98,910.59,802.46,916.79,830.83,912.78,832.24,804.79
product338,smartphones,1705919410.0404084,1083.86,1055.15,964.75,990.4,,,,,,,,
product339,headphones,1705859273.9649327,137.39,117.45,118.96,127.07,124.53,119.74,127.58,132.76,132.62,117.25,118.41,122.22
product340,headphones,1705809882.6685402,253.82,231.8,232.31,223.04,,,,,,,,
product341,beverages,1705765922.8203788,2.87,2.49,2.55,2.75,2.63,2.46,2.56,2.8,2.54,2.84,2.47,2.59
product342,electronics,1705717325.2793183,1543.45,1317.42,1408.6,1452.15,1327.88,1422.65,1443.21,1345.0,1391.34,1454.77,1526.57,1342.69
product343,headphones,1705711842.479672,245.15,210.92,209.26,213.25,231.07,209.17,229.47,243.74,220.51,231.72,235.18,239.87
product344,beverages,1705656385.7549608,1.44,1.23,1.41,1.4,,,,,,,,
product345,electronics,1705635514.4172018,1076.04,938.93,949.54,938.76,935.81,1073.48,1074.2,945.45,1026.56,1005.76,1044.58,1049.25
product346,headphones,1705577687.538945,373.54,323.02,320.11,344.52,349.48,368.16,365.77,373.23,337.79,321.45,334.82,331.67
product347,beverages,1705517121.6407251,1.33,1.14,1.22,1.18,1.15,1.16,1.29,,,,,
product348,smartphones,1705439732.0222778,1170.8,1069.84,1064.88,1110.96,1088.04,1050.53,1093.41,,,,,
product349,headphones,1705387407.5269427,243.08,209.12,227.23,215.61,,,,,,,,
product350,smartphones,1705324499.4525146,1025.05,919.34,1021.39,949.74,,,,,,,,
product351,headphones,1705309934.3215163,117.66,103.14,104.28,102.59,105.76,101.89,104.27,,,,,
product352,beverages,1705298005.596141,2.15,1.84,1.98,1.89,,,,,,,,
product353,headphones,1705247641.854384,366.4,313.98,329.51,333.04,,,,,,,,
product354,headphones,1705219502.1952062,205.16,203.16,194.35,189.11,,,,,,,,
product355,electronics,1705164327.2570822,739.71,684.58,632.29,690.99,,,,,,,,
product356,beverages,1705136346.0959024,1.7,1.46,1.54,1.56,,,,,,,,
product357,headphones,1705067333.2053354,325.15,295.48,316.52,323.31,321.85,280.46,303.77,,,,,
product358,electronics,1704995815.9865127,1744.16,1488.11,1510.14,1486.72,1691.3,1652.09,1709.11,1672.78,1576.74,1592.34,1515.71,1484.97
product359,smartphones,1704932243.196623,499.02,444.89,441.8,458.14,,,,,,,,
product360,electronics,1704912693.7445207,438.41,376.3,405.53,424.9,381.97,380.73,417.26,385.78,417.9,417.75,385.99,414.01
product361,electronics,1704890157.3765106,310.49,264.17,303.79,280.85,273.99,286.81,273.36,278.67,293.99,289.99,296.93,287.62
product362,beverages,1704819288.7666967,1.87,1.61,1.77,1.78,1.6,1.59,1.83,,,,,
product363,headphones,1704810907.887763,195.25,167.52,166.88,179.72,184.99,192.92,184.21,,,,,
product364,headphones,1704758266.3451674,373.74,330.22,330.57,331.34,,,,,,,,
product365,smartphones,1704748781.5347486,1076.28,920.13,927.68,1045.59,1045.0,986.6,961.19,947.67,1073.85,956.16,1012.83,1030.52
product366,electronics,1704742414.6250575,732.31,628.13,637.16,681.49,726.29,664.74,688.95,651.77,725.16,666.81,713.1,720.24
product367,headphones,1704724632.252041,238.03,210.03,219.5,215.93,,,,,,,,
product368,smartphones,1704658152.475939,1226.74,1046.5,1075.93,1123.14,1132.08,1085.25,1119.02,1199.21,1121.29,1202.05,1226.69,1138.4
product369,electronics,1704602279.668882,240.1,205.02,220.8,238.21,211.51,206.97,230.49,222.34,206.66,207.35,225.86,226.58
product370,beverages,1704540294.795062,2.34,2.12,2.08,2.06,,,,,,,,
product371,smartphones,1704525867.0535204,1090.69,941.15,943.87,957.49,1000.41,996.73,1070.95,,,,,
product372,electronics,1704460217.540015,263.26,253.23,253.03,253.86,,,,,,,,
product373,smartphones,1704443212.8178205,786.23,670.02,770.02,686.39,685.45,772.93,727.56,758.85,668.4,705.1,696.35,686.7
product374,smartphones,1704428945.35237,507.52,432.42,460.92,448.49,486.58,492.94,467.97,,,,,
product375,beverages,1704396523.4187934,1.96,1.83,1.75,1.88,,,,,,,,
product376,beverages,1704313006.5599442,3.3,2.9,3.14,3.02,,,,,,,,
product377,headphones,1704300192.3047724,274.41,253.81,241.32,260.5,274.1,267.34,270.19,,,,,
product378,electronics,1704271770.620631,622.89,594.04,568.87,608.33,,,,,,,,
product379,beverages,1704229750.1455765,2.36,2.02,2.34,2.27,,,,,,,,
product380,electronics,1704165259.0205798,483.71,411.97,419.76,483.47,464.41,468.99,461.78,434.44,472.45,426.8,449.12,426.48
product381,smartphones,1704156172.625018,1068.25,989.81,1054.82,1064.13,,,,,,,,
product382,smartphones,1704108918.2084541,636.61,566.54,591.23,556.95,564.08,580.45,552.9,595.32,556.47,612.0,612.32,583.27
product383,smartphones,1704047111.70764,913.99,795.89,803.17,881.12,864.06,892.71,913.59,,,,,
product384,beverages,1703975963.3919268,2.12,1.83,2.02,2.08,2.1,1.84,2.07,2.11,2.07,2.07,1.9,1.99
product385,smartphones,1703898788.0037909,1086.37,941.16,1017.29,961.51,,,,,,,,
product386,headphones,1703817260.010725,338.47,306.28,319.07,327.21,311.54,315.15,304.67,315.61,312.5,316.97,302.86,321.46
product387,electronics,1703735317.001446,986.79,963.27,931.25,843.3,,,,,,,,
product388,headphones,1703723101.9633265,174.31,151.52,166.36,168.67,,,,,,,,
product389,smartphones,1703655305.238749,628.15,534.74,619.57,604.57,552.42,599.92,625.35,555.99,558.35,579.7,618.77,551.71
product390,beverages,1703572431.5541754,1.79,1.56,1.61,1.66,1.52,1.75,1.69,,,,,
product391,smartphones,1703526972.1971772,701.85,654.54,608.68,656.43,,,,,,,,
product392,smartphones,1703441387.9342842,1210.87,1056.57,1162.24,1030.26,1174.04,1051.63,1060.11,,,,,
product393,electronics,1703395882.733075,1040.89,895.93,978.05,969.61,1004.94,970.96,1010.2,,,,,
product394,beverages,1703387099.111538,2.26,1.94,1.98,2.03,2.08,2.22,2.02,2.1,2.21,2.1,2.25,2.03
product395,beverages,1703359616.7096825,2.06,1.76,1.97,1.95,1.84,2.02,2.03,1.94,2.01,1.98,1.9,1.78
product396,electronics,1703354469.6865156,301.23,257.83,294.85,274.36,256.68,259.65,259.04,295.6,265.97,276.48,283.82,292.36
product397,beverages,1703323438.4319386,3.12,2.68,3.09,2.71,2.87,2.9,2.88,2.81,2.96,3.11,3.01,3.0
product398,headphones,1703250370.3548698,125.5,111.7,121.81,113.86,117.89,113.96,107.76,,,,,
product399,smartphones,1703224987.133959,1256.85,1159.63,1192.73,1112.64,,,,,,,,
product400,smartphones,1703190356.1823053,1237.58,1060.78,1094.05,1052.61,1068.04,1106.49,1202.09,1105.95,1111.73,1107.84,1151.01,1152.54
product401,headphones,1703114154.6329546,206.19,181.8,201.45,179.63,204.64,178.6,194.48,187.2,190.83,201.48,180.23,177.49
product402,electronics,1703107710.984556,1750.41,1540.99,1688.88,1633.41,1514.26,1524.26,1666.43,,,,,
product403,electronics,1703036722.2840323,999.51,918.88,968.85,860.41,,,,,,,,
product404,headphones,1703014550.8012805,305.69,265.41,279.96,296.67,,,,,,,,
product405,smartphones,1702962903.7803836,1031.35,888.87,1027.63,880.62,1013.94,939.78,881.51,903.21,971.34,913.87,1026.16,894.31
product406,electronics,1702897854.2058134,1083.22,958.25,1079.77,1001.96,,,,,,,,
product407,electronics,1702864904.126718,586.94,509.33,583.76,541.86,,,,,,,,
product408,headphones,1702842842.9890919,218.71,186.3,197.22,199.54,207.1,209.67,214.43,194.43,195.11,191.11,187.43,217.15
product409,headphones,1702830605.1121814,257.03,223.55,246.82,237.26,238.62,233.53,252.25,,,,,
product410,smartphones,1702787142.5962176,1009.44,863.53,950.63,979.26,860.59,922.8,897.67,,,,,
product411,electronics,1702765790.654426,1811.85,1559.77,1755.58,1654.87,1780.11,1622.92,1721.45,,,,,
product412,electronics,1702695871.355721,469.75,401.53,406.25,460.85,465.13,450.62,411.54,437.16,462.6,449.09,407.45,400.17
product413,headphones,1702647666.0948622,204.9,202.88,181.93,179.79,,,,,,,,
product414,beverages,1702562332.770594,1.3,1.17,1.29,1.11,1.27,1.11,1.24,,,,,
product415,smartphones,1702534165.694957,1047.72,908.22,921.1,945.43,1008.04,986.76,986.54,996.44,1010.79,900.95,892.19,1004.35
product416,beverages,1702464470.127663,2.78,2.51,2.56,2.67,,,,,,,,
product417,electronics,1702413610.5478733,414.27,352.95,399.4,391.43,,,,,,,,
product418,smartphones,1702408897.5760744,521.11,444.14,496.15,453.65,504.94,470.51,501.68,476.04,478.78,454.28,504.86,471.66
product419,smartphones,1702322899.3526075,941.74,845.96,816.9,933.94,,,,,,,,
product420,smartphones,1702262289.2472525,1105.87,942.59,1094.86,959.49,998.55,1075.87,1032.3,1035.85,1105.74,992.47,1023.83,1022.78
product421,headphones,1702193218.0331068,142.21,121.32,124.38,128.73,128.92,128.61,128.11,,,,,
product422,electronics,1702153088.6498706,1717.84,1504.44,1584.16,1710.0,1537.5,1477.35,1628.65,1668.99,1549.62,1463.01,1546.88,1603.61
product423,smartphones,1702083033.1940231,1270.1,1111.51,1099.91,1121.88,1196.84,1083.98,1265.14,,,,,
product424,electronics,1701999385.1210325,1851.82,1685.14,1649.77,1662.01,1644.1,1624.36,1580.43,,,,,
product425,headphones,1701967923.3348598,334.45,287.71,296.38,314.92,305.77,306.57,293.29,,,,,
product426,smartphones,1701912140.6731331,1077.78,947.42,990.87,1068.54,972.81,957.62,968.9,,,,,
product427,smartphones,1701850855.8421316,804.57,695.12,759.17,687.97,782.2,776.71,698.17,695.67,706.59,757.32,778.22,715.36
product428,smartphones,1701766411.3456285,1142.6,1004.03,1085.99,1006.25,1000.8,1128.22,1071.06,,,,,
product429,smartphones,1701682873.025482,736.02,675.97,692.05,722.67,688.84,697.53,708.55,,,,,
product430,smartphones,1701678239.6992905,1198.79,1099.83,1041.87,1054.58,,,,,,,,
product431,headphones,1701594548.1142468,287.77,265.5,267.89,257.88,257.94,258.07,273.8,,,,,
product432,beverages,1701548656.6419632,1.0,0.93,0.94,0.92,,,,,,,,
product433,beverages,1701468293.6621244,3.39,2.92,2.99,2.97,3.26,3.2,2.97,,,,,
product434,beverages,1701421506.0041945,2.19,1.99,1.89,1.94,,,,,,,,
product435,electronics,1701385540.2266686,692.39,639.86,648.35,670.91,,,,,,,,
product436,beverages,1701364530.0666196,2.62,2.3,2.36,2.33,2.26,2.3,2.34,,,,,
product437,electronics,1701289361.650734,1285.28,1096.03,1215.23,1232.68,1174.71,1215.66,1209.45,1215.15,1272.08,1181.07,1196.55,1148.42
product438,headphones,1701209691.5812423,360.03,314.03,311.7,308.57,347.77,354.35,334.93,355.15,344.2,330.81,340.94,332.75
product439,headphones,1701157430.0973568,141.63,122.54,137.25,123.25,141.37,127.01,120.94,,,,,
product440,beverages,1701093561.4627478,2.67,2.33,2.63,2.45,2.45,2.52,2.41,,,,,
product441,beverages,1701062988.7799654,1.34,1.31,1.31,1.22,,,,,,,,
product442,beverages,1701057905.4727118,1.45,1.3,1.27,1.4,1.27,1.4,1.39,,,,,
product443,smartphones,1700974591.246955,896.42,768.06,798.84,800.48,830.39,797.52,767.31,799.46,804.51,784.37,887.04,781.78
product444,smartphones,1700953035.7193143,841.09,756.96,795.68,829.31,787.48,835.04,798.76,,,,,
product445,electronics,1700916298.873265,1703.97,1499.79,1638.17,1505.49,,,,,,,,
product446,beverages,1700900486.4744716,1.89,1.74,1.72,1.86,,,,,,,,
product447,headphones,1700894105.3951273,141.47,121.48,129.57,136.86,141.37,123.16,130.25,137.03,124.03,122.6,125.95,132.08
product448,beverages,1700813354.3902087,2.72,2.37,2.51,2.54,2.42,2.59,2.33,2.53,2.66,2.48,2.69,2.37
product449,beverages,1700761738.7664578,2.03,1.74,1.9,1.93,2.01,1.83,1.89,1.8,1.91,1.91,2.01,1.93
product450,headphones,1700728188.2967398,137.34,117.22,129.04,128.15,135.97,129.96,137.22,129.68,131.36,130.53,117.28,118.0
product451,headphones,1700674946.1937182,128.96,109.77,120.47,123.7,127.94,111.89,111.51,121.14,122.4,124.44,118.38,112.63
product452,smartphones,1700668095.033951,1059.03,905.87,983.22,919.3,923.18,962.23,930.92,,,,,
product453,electronics,1700593847.3623118,1397.11,1191.13,1286.68,1193.35,1359.83,1227.93,1378.8,,,,,
product454,headphones,1700558550.634741,261.02,223.93,223.36,231.11,248.2,245.54,252.18,230.38,227.8,260.93,252.5,235.29
product455,beverages,1700551432.122654,3.39,2.91,3.07,3.34,3.09,2.98,3.1,2.88,2.92,3.3,2.98,3.19
product456,electronics,1700515814.585268,1759.69,1656.97,1739.66,1698.57,,,,,,,,
product457,beverages,1700502733.344038,2.68,2.43,2.33,2.49,,,,,,,,
product458,electronics,1700462547.7737727,1700.52,1614.75,1468.35,1526.35,1563.46,1695.88,1547.44,,,,,
product459,electronics,1700445251.9872537,1177.76,1034.57,1143.19,1128.62,1175.12,1132.71,1144.53,,,,,
product460,beverages,1700414269.4685779,2.85,2.6,2.5,2.64,,,,,,,,
product461,smartphones,1700376216.8252609,887.52,811.78,787.94,874.48,,,,,,,,
product462,headphones,1700308082.0796742,310.79,264.82,301.33,270.22,309.64,284.17,285.33,307.43,304.02,307.91,273.56,266.41
product463,beverages,1700251301.2582026,2.59,2.23,2.28,2.44,,,,,,,,
product464,smartphones,1700239677.8630846,529.16,453.69,516.62,507.98,488.16,462.66,488.25,473.83,474.1,469.21,520.71,498.68
product465,smartphones,1700233362.5402288,1194.5,1039.46,1102.64,1083.86,,,,,,,,
product466,headphones,1700194376.9636154,313.21,279.99,313.12,292.32,,,,,,,,
product467,smartphones,1700163242.2800872,500.77,459.33,426.06,480.55,,,,,,,,
product468,smartphones,1700117263.9462616,543.46,464.58,497.15,513.96,532.08,510.56,489.01,522.78,511.91,518.58,505.0,495.93
product469,smartphones,1700054821.110419,1267.58,1198.65,1191.39,1172.25,,,,,,,,
product470,headphones,1700000238.5921648,284.45,244.06,273.89,267.22,259.5,282.21,259.49,,,,,
product471,smartphones,1699950367.3709824,973.5,847.76,831.14,939.39,887.52,850.83,940.69,,,,,
product472,smartphones,1699914122.9365344,1131.12,969.43,1088.6,969.69,,,,,,,,
product473,beverages,1699854125.4013937,1.64,1.42,1.4,1.6,1.5,1.41,1.61,1.45,1.54,1.42,1.52,1.53
product474,headphones,1699846891.5532534,127.08,111.53,115.74,111.7,,,,,,,,
product475,smartphones,1699796219.0931704,1208.11,1092.95,1034.84,1135.02,1115.59,1165.94,1076.93,,,,,
product476,beverages,1699770484.5180988,1.09,0.94,0.98,1.01,,,,,,,,
product477,electronics,1699744178.8921685,257.66,230.41,245.93,257.43,,,,,,,,
product478,headphones,1699722137.393806,380.93,326.15,359.2,364.1,,,,,,,,
product479,beverages,1699688396.960716,2.94,2.54,2.71,2.64,2.9,2.51,2.9,2.67,2.76,2.91,2.87,2.55
product480,beverages,1699640466.4205537,3.39,2.98,2.89,3.36,,,,,,,,
product481,headphones,1699626332.738427,332.56,297.51,309.4,291.37,282.95,295.86,288.61,,,,,
product482,beverages,1699542208.6627421,2.92,2.53,2.86,2.72,,,,,,,,
product483,beverages,1699496804.1799421,1.74,1.49,1.49,1.61,1.67,1.68,1.63,1.71,1.49,1.72,1.54,1.62
product484,electronics,1699488409.3602803,404.21,345.81,393.93,355.13,394.62,377.94,372.8,354.97,397.63,401.69,383.86,370.3
product485,smartphones,1699402067.5823972,607.42,528.61,525.63,596.45,,,,,,,,
product486,electronics,1699320109.4806702,1728.03,1500.98,1566.45,1634.14,1637.98,1617.12,1709.95,,,,,
product487,electronics,1699312970.3650303,1374.33,1190.53,1371.14,1168.22,,,,,,,,
product488,headphones,1699302440.5014508,363.59,317.8,342.78,337.05,330.45,318.06,360.94,357.55,331.15,348.91,314.3,352.39
product489,beverages,1699228307.2712255,1.58,1.37,1.55,1.48,1.44,1.48,1.37,,,,,
product490,smartphones,1699184339.902344,1249.45,1107.86,1107.49,1241.88,1084.62,1143.44,1112.82,1193.7,1092.35,1242.24,1145.65,1107.95
product491,electronics,1699174044.3683374,822.11,744.65,742.15,746.15,,,,,,,,
product492,electronics,1699146714.8455944,1464.7,1259.03,1259.05,1284.35,1311.66,1250.01,1292.94,,,,,
product493,beverages,1699131622.0054686,1.09,0.93,1.04,1.08,1.04,1.08,1.06,0.93,0.94,0.95,0.95,0.97
product494,beverages,1699126363.3282936,1.03,0.88,0.96,0.93,1.02,1.02,0.95,0.92,0.97,1.01,1.02,1.01
product495,beverages,1699077090.354598,1.03,0.89,0.9,0.96,0.94,0.99,0.99,,,,,
product496,beverages,1699071466.1165993,1.83,1.57,1.66,1.7,1.81,1.75,1.78,,,,,
product497,electronics,1698985897.8594213,1200.11,1110.48,1148.73,1055.29,1032.68,1032.14,1188.0,,,,,
product498,electronics,1698970394.6053267,1039.61,943.3,1014.87,940.45,949.18,1013.9,995.02,,,,,
product499,headphones,1698954717.0590918,208.45,180.68,191.22,198.93,201.35,196.86,207.13,190.63,201.87,194.04,194.14,190.71
product500,smartphones,1698888395.518438,847.38,757.08,787.88,826.8,746.79,762.6,835.26,,,,,
product501,headphones,1698882788.2151659,215.96,196.08,199.42,211.52,,,,,,,,
product502,beverages,1698846235.1961179,2.67,2.37,2.29,2.31,2.58,2.62,2.51,,,,,
product503,electronics,1698767269.0747073,397.6,365.18,355.17,391.08,,,,,,,,
product504,electronics,1698722725.2884808,1862.09,1639.34,1660.01,1664.81,1762.9,1731.75,1691.08,,,,,
product505,electronics,1698637522.0017421,819.04,699.86,720.47,780.59,739.3,793.77,757.58,807.31,818.74,795.23,702.2,741.03
product506,smartphones,1698600011.074693,908.1,792.6,859.7,847.62,810.08,809.44,895.59,848.37,900.28,875.95,878.2,853.13
product507,beverages,1698547863.5989711,3.2,2.75,2.95,3.11,2.75,3.05,2.88,2.95,2.74,2.93,2.89,2.98
product508,headphones,1698518291.7143457,280.29,239.89,257.44,271.47,,,,,,,,
product509,beverages,1698438800.156605,2.7,2.34,2.33,2.49,,,,,,,,
product510,smartphones,1698361168.360302,561.42,488.24,519.44,507.17,513.6,547.48,519.34,492.77,510.64,549.72,531.68,516.96
product511,smartphones,1698318594.7262287,1218.05,1086.64,1036.03,1054.67,,,,,,,,
product512,headphones,1698240951.5531516,233.34,198.89,216.83,207.72,219.53,206.23,199.04,,,,,
product513,electronics,1698234541.8828511,1246.22,1076.25,1238.36,1119.12,1067.19,1124.66,1160.82,,,,,
product514,headphones,1698209140.6215928,100.83,89.64,100.42,98.24,92.09,97.34,89.15,97.33,86.99,100.52,90.63,95.57
product515,beverages,1698163009.0704362,3.14,2.83,2.96,2.79,,,,,,,,
product516,beverages,1698119815.7258916,2.41,2.07,2.08,2.39,,,,,,,,
product517,electronics,1698039484.7597914,393.19,344.81,390.21,344.26,389.84,358.84,339.43,375.71,367.41,369.81,374.63,379.79
product518,beverages,1697954813.5759268,1.21,1.09,1.06,1.17,,,,,,,,
product519,beverages,1697874283.7163234,3.42,2.92,3.26,2.99,3.31,3.37,3.29,,,,,
product520,beverages,1697831971.4740682,2.75,2.42,2.66,2.35,2.7,2.56,2.71,2.72,2.69,2.44,2.65,2.74
product521,smartphones,1697757629.4170566,770.12,666.75,731.0,664.07,692.02,698.05,671.34,,,,,
product522,electronics,1697680016.06031,280.48,272.02,274.63,243.42,,,,,,,,
product523,beverages,1697675916.3345609,1.14,0.98,1.06,1.12,1.05,0.99,0.99,0.99,1.08,1.09,1.08,1.03
product524,headphones,1697592530.9187624,324.95,284.4,280.0,277.4,324.66,280.02,319.69,311.01,320.12,294.57,298.98,288.15
product525,electronics,1697567978.783058,1071.56,967.19,970.89,956.91,999.51,1056.22,936.37,,,,,
product526,electronics,1697488415.894753,1894.37,1616.2,1879.56,1795.55,,,,,,,,
product527,beverages,1697420340.3062375,2.97,2.56,2.87,2.66,2.8,2.63,2.81,,,,,
product528,smartphones,1697403752.0843916,918.93,783.05,832.04,894.85,893.1,807.69,845.96,862.1,801.84,814.55,891.22,799.58
product529,headphones,1697359662.216888,389.32,349.48,375.24,361.18,345.53,337.7,364.71,,,,,
product530,beverages,1697338469.684893,1.5,1.32,1.28,1.4,,,,,,,,
product531,beverages,1697318070.8334699,3.26,3.03,3.09,2.98,,,,,,,,
product532,beverages,1697305001.6240284,1.0,0.86,0.86,0.97,0.85,0.85,0.97,,,,,
product533,headphones,1697296383.4516613,305.38,259.97,263.91,300.37,282.68,281.09,268.51,270.6,273.39,271.03,269.78,296.74
product534,headphones,1697249750.9453661,276.05,240.74,236.33,267.25,252.04,236.17,273.86,,,,,
product535,beverages,1697228285.2183805,2.73,2.36,2.34,2.41,2.4,2.56,2.57,2.62,2.66,2.7,2.42,2.73
product536,electronics,1697173210.3252602,1958.48,1881.1,1878.4,1932.22,,,,,,,,
product537,beverages,1697158749.7017467,1.67,1.51,1.63,1.61,,,,,,,,
product538,electronics,1697087130.9225066,978.97,842.59,963.13,924.41,903.04,865.96,909.64,,,,,
product539,smartphones,1697018956.3593123,858.97,743.92,763.57,832.08,,,,,,,,
product540,beverages,1696976654.7623072,1.48,1.36,1.32,1.44,1.27,1.45,1.26,,,,,
product541,electronics,1696891063.2638094,787.01,672.52,762.4,733.69,714.93,692.85,680.8,699.93,689.35,725.09,673.96,682.63
product542,smartphones,1696886759.4272754,1188.84,1021.02,1057.19,1167.63,1050.2,1170.29,1024.8,1082.68,1090.54,1162.13,1186.71,1016.16
product543,headphones,1696847802.353257,232.17,203.36,205.29,200.32,,,,,,,,
product544,headphones,1696781168.1989768,291.26,248.95,252.98,284.36,261.55,258.19,271.85,283.67,267.26,278.75,284.55,271.72
product545,beverages,1696758169.906618,2.06,1.77,2.05,1.89,2.03,1.77,1.99,,,,,
product546,headphones,1696717314.6964383,298.49,272.93,289.19,269.38,,,,,,,,
product547,smartphones,1696712991.3338225,873.56,809.09,756.27,831.06,,,,,,,,
product548,smartphones,1696683456.5763497,969.91,831.52,840.18,949.74,863.47,857.81,845.95,878.25,915.86,902.82,959.84,885.34
product549,electronics,1696615205.2979114,841.77,744.58,779.11,728.02,820.41,740.38,754.17,778.63,729.51,778.14,759.12,720.06
product550,smartphones,1696532022.7798967,630.34,557.77,629.93,601.87,,,,,,,,
product551,headphones,1696452288.1695457,335.1,293.03,317.76,330.36,309.76,297.12,332.82,318.75,305.66,314.75,327.22,285.36
product552,beverages,1696390660.0408742,3.29,2.8,2.85,2.85,3.18,3.27,3.22,2.8,3.17,2.84,2.82,3.12
product553,headphones,1696314967.8482401,247.39,210.83,228.85,231.8,,,,,,,,
product554,smartphones,1696303751.0940802,1068.68,971.71,933.26,982.76,989.58,1034.14,1003.61,,,,,
product555,electronics,1696262922.3895462,1088.95,955.08,1081.54,1060.81,1078.0,965.57,968.47,,,,,
product556,beverages,1696186304.1620808,3.07,2.78,2.76,2.66,,,,,,,,
product557,electronics,1696120469.9843433,1233.39,1054.46,1153.39,1193.34,1167.52,1205.18,1213.16,1176.58,1202.28,1134.37,1151.87,1135.02
product558,smartphones,1696043075.9286938,936.7,796.39,820.72,881.1,873.48,819.23,857.4,864.64,862.84,797.93,847.13,797.14
product559,headphones,1696011547.568558,180.34,159.92,168.47,172.15,178.79,155.85,163.78,170.78,154.07,165.9,166.89,153.73
product560,electronics,1695980279.923699,1612.9,1460.85,1541.34,1601.33,,,,,,,,
product561,headphones,1695922489.6261847,286.85,248.16,260.85,283.01,250.43,281.61,244.96,,,,,
product562,smartphones,1695861677.063962,1078.84,934.42,997.25,1049.29,1031.05,942.66,924.64,1016.48,967.08,945.64,1019.58,975.63
product563,beverages,1695846941.3574536,2.96,2.57,2.75,2.67,2.58,2.56,2.76,,,,,
product564,smartphones,1695797181.1510584,744.92,640.03,658.1,673.17,,,,,,,,
product565,beverages,1695746525.8423882,1.89,1.62,1.62,1.83,1.68,1.87,1.79,1.87,1.85,1.61,1.65,1.66
product566,headphones,1695718056.9357703,246.42,214.89,220.13,239.62,238.96,239.59,244.54,,,,,
product567,electronics,1695659813.4904602,416.84,370.59,360.01,355.96,401.02,384.29,414.44,361.42,367.93,368.12,393.12,358.5
product568,headphones,1695630524.2110026,291.88,254.24,257.13,272.57,264.55,272.66,290.54,,,,,
product569,electronics,1695561878.554621,1396.36,1198.6,1253.82,1201.32,1201.22,1271.81,1303.48,,,,,
product570,headphones,1695534957.9128973,392.18,340.26,372.2,369.69,352.95,390.72,350.26,374.92,346.82,360.05,389.85,357.28
product571,electronics,1695522028.2241898,1713.12,1466.93,1679.71,1668.09,1654.46,1568.46,1563.0,1526.53,1592.14,1497.14,1599.87,1547.79
product572,beverages,1695459756.6775908,3.03,2.69,2.84,2.79,2.59,2.76,2.69,,,,,
product573,electronics,1695420592.9083195,544.13,473.22,479.76,513.66,482.92,469.29,532.09,,,,,
product574,headphones,1695349423.614735,266.27,230.31,239.0,227.95,234.27,227.47,237.44,251.53,261.99,240.32,248.76,231.59
product575,beverages,1695270285.6176884,3.11,2.7,2.92,2.72,2.86,2.98,2.72,2.95,3.03,3.1,2.71,3.03
product576,smartphones,1695223336.926511,807.08,687.15,725.89,703.5,736.99,800.62,776.82,737.02,804.32,696.81,724.23,788.65
product577,smartphones,1695180405.7338724,578.95,513.67,538.32,526.84,,,,,,,,
product578,electronics,1695157203.8863277,868.03,857.73,824.32,849.69,,,,,,,,
product579,smartphones,1695121805.5859926,1020.23,871.61,992.28,939.71,996.34,1007.36,957.84,948.29,930.38,951.84,969.73,974.91
product580,headphones,1695111231.6555078,241.9,206.54,210.05,225.64,214.53,205.82,228.88,224.9,240.53,230.48,209.49,213.94
product581,headphones,1695090196.0701876,287.31,254.09,282.02,273.13,284.17,253.8,256.27,,,,,
product582,beverages,1695015686.4360633,1.87,1.62,1.79,1.72,1.7,1.69,1.78,,,,,
product583,beverages,1695005549.1016777,1.83,1.65,1.72,1.56,,,,,,,,
product584,smartphones,1694940346.2876549,656.45,559.74,562.53,641.75,618.15,627.33,616.9,640.15,637.21,642.22,579.26,622.11
product585,headphones,1694933793.8942275,193.34,168.46,181.02,179.63,169.94,183.41,164.99,178.98,178.72,174.35,177.67,180.16
product586,smartphones,1694875865.5334427,1039.4,903.39,1014.35,950.86,954.28,937.75,888.74,,,,,
product587,headphones,1694808273.3842764,217.09,190.42,211.65,201.38,200.61,191.3,204.98,,,,,
product588,smartphones,1694752336.1587079,950.93,813.73,852.78,840.66,869.45,813.8,947.01,906.5,948.17,874.8,842.79,876.18
product589,smartphones,1694669851.9995387,876.86,782.85,812.29,875.28,762.85,875.45,835.76,,,,,
product590,beverages,1694613242.585711,1.14,1.04,1.09,0.99,,,,,,,,
product591,headphones,1694577434.711016,295.27,273.78,283.57,284.83,,,,,,,,
product592,electronics,1694535472.626959,355.56,306.6,330.75,352.89,337.93,309.59,355.06,330.07,319.37,353.46,330.59,340.15
product593,smartphones,1694452703.2533643,826.75,728.0,766.95,736.11,744.91,800.32,706.52,,,,,
product594,smartphones,1694390271.0643346,934.98,832.55,880.82,887.27,,,,,,,,
product595,electronics,1694369462.176687,341.62,294.73,294.4,301.42,333.35,312.26,320.56,,,,,
product596,beverages,1694351099.827184,1.47,1.29,1.4,1.26,1.28,1.33,1.38,1.34,1.3,1.43,1.26,1.38
product597,headphones,1694301425.4050477,343.86,299.26,314.03,320.31,,,,,,,,
product598,beverages,1694250559.9928815,3.29,3.12,3.06,3.0,,,,,,,,
product599,headphones,1694227071.433595,364.82,343.23,340.41,322.32,,,,,,,,
product600,headphones,1694185830.3578053,317.79,273.56,286.94,283.81,275.96,287.24,278.77,313.45,302.15,317.11,296.92,315.53
product601,electronics,1694129583.0641484,1206.53,1099.18,1136.18,1178.45,1140.49,1120.82,1123.06,,,,,
product602,electronics,1694096566.2536414,958.98,896.6,875.48,841.08,,,,,,,,
product603,smartphones,1694037719.3957312,1156.24,1114.04,1069.8,1135.68,,,,,,,,
product604,beverages,1694012976.8630807,2.62,2.26,2.24,2.48,2.29,2.29,2.31,,,,,
product605,beverages,1693993250.794715,2.76,2.65,2.5,2.45,,,,,,,,
product606,electronics,1693976192.6885667,1071.46,992.82,940.81,975.86,,,,,,,,
product607,beverages,1693924599.5149412,2.37,2.13,2.06,2.21,,,,,,,,
product608,smartphones,1693852096.4593103,617.75,529.9,596.75,591.49,565.73,551.32,544.78,582.59,577.64,577.66,579.76,611.44
product609,beverages,1693811632.3410547,2.57,2.28,2.35,2.42,,,,,,,,
product610,headphones,1693729641.2723556,220.99,191.22,188.44,188.94,193.02,215.62,203.94,,,,,
product611,smartphones,1693644000.9271004,931.91,799.73,825.2,822.05,855.69,908.47,886.74,,,,,
product612,headphones,1693609094.6576226,237.02,202.97,234.78,229.36,219.97,231.1,227.84,208.53,209.42,234.92,234.63,221.12
product613,beverages,1693533460.171881,1.27,1.11,1.23,1.21,1.17,1.19,1.18,,,,,
product614,beverages,1693502735.2863483,1.66,1.43,1.56,1.46,1.63,1.63,1.52,,,,,
product615,electronics,1693480503.763715,599.83,527.41,538.76,523.01,550.61,511.24,546.69,,,,,
product616,smartphones,1693450624.9830868,796.83,687.94,682.79,741.42,764.94,698.09,692.11,,,,,
product617,electronics,1693379650.7901814,262.66,228.16,224.03,244.72,248.4,224.64,238.88,241.07,233.38,262.64,231.78,257.64
product618,headphones,1693337937.283824,379.08,322.22,357.01,328.03,334.99,373.53,367.81,,,,,
product619,electronics,1693310252.5832896,1202.27,1054.85,1186.64,1022.42,1094.54,1151.26,1132.9,1042.13,1081.02,1142.79,1059.82,1119.04
product620,headphones,1693249609.864926,215.42,201.2,188.67,184.01,,,,,,,,
product621,smartphones,1693174538.06092,815.26,693.56,717.8,812.06,743.05,743.24,761.06,771.14,766.09,813.22,763.63,743.22
product622,electronics,1693139029.6306202,1960.17,1696.6,1812.33,1692.21,1914.56,1909.35,1803.52,,,,,
product623,smartphones,1693077358.8217351,1048.59,943.1,978.95,927.82,952.76,979.44,1030.97,,,,,
product624,headphones,1693058923.4901805,142.6,123.72,140.86,138.82,131.96,131.56,126.17,132.8,122.36,129.95,140.02,126.34
product625,beverages,1693036579.9502313,2.13,1.84,1.85,1.9,1.83,2.12,1.85,1.97,2.04,2.1,1.86,1.86
product626,headphones,1692978079.432775,353.92,301.12,346.41,317.57,,,,,,,,
product627,beverages,1692929968.7893689,1.82,1.55,1.75,1.8,1.8,1.68,1.66,1.78,1.68,1.79,1.55,1.66
product628,smartphones,1692879115.8192458,559.75,508.95,498.89,523.83,,,,,,,,
product629,headphones,1692798822.5386672,381.36,335.37,377.46,344.02,355.19,325.73,357.11,,,,,
product630,headphones,1692768102.9308538,206.44,175.67,180.4,186.98,195.33,201.43,186.59,202.92,182.16,204.18,189.94,182.55
product631,electronics,1692741757.1909895,1455.24,1249.49,1420.19,1447.52,1363.29,1416.3,1288.41,,,,,
product632,smartphones,1692711255.072967,1106.48,946.7,992.38,1096.55,981.84,1097.74,976.12,1085.51,965.04,1004.29,960.28,1089.23
product633,beverages,1692666665.489557,3.01,2.73,2.97,2.73,2.68,2.96,2.92,,,,,
product634,electronics,1692652706.3527274,452.03,405.36,451.56,447.7,441.0,409.59,425.81,,,,,
product635,beverages,1692578364.4066234,1.76,1.56,1.71,1.76,,,,,,,,
product636,beverages,1692499159.3678634,2.6,2.47,2.39,2.44,,,,,,,,
product637,beverages,1692435773.4917624,1.91,1.64,1.78,1.91,1.7,1.62,1.9,1.79,1.68,1.84,1.79,1.81
product638,smartphones,1692405278.7205174,1079.41,955.56,942.7,991.35,,,,,,,,
product639,electronics,1692363922.3002055,573.8,490.03,508.18,500.54,538.83,489.26,547.87,538.59,538.88,515.54,507.58,521.72
product640,headphones,1692357417.32275,299.07,263.36,288.39,277.34,262.27,298.23,263.63,,,,,
product641,electronics,1692298826.8103504,991.22,848.83,980.12,903.17,986.24,977.25,878.33,,,,,
product642,electronics,1692241481.5604308,1103.79,984.97,1069.01,970.59,,,,,,,,
product643,electronics,1692191380.0713253,1763.04,1574.25,1510.35,1683.52,,,,,,,,
product644,smartphones,1692121985.703023,881.04,760.89,875.84,749.95,857.28,872.08,858.91,873.26,850.67,783.43,876.97,879.18
product645,smartphones,1692055263.746343,782.24,667.83,703.86,700.32,752.43,746.33,781.49,778.2,673.48,686.67,751.53,746.79
product646,beverages,1691995969.1892536,3.01,2.59,2.89,2.62,2.93,3.0,2.77,2.84,2.84,2.91,2.79,2.61
product647,smartphones,1691952791.9889476,1051.9,906.19,1003.91,935.02,950.95,923.94,933.81,,,,,
product648,smartphones,1691935413.6186223,1134.29,998.37,1101.8,1060.48,990.05,978.95,1121.56,,,,,
product649,beverages,1691866863.889274,2.74,2.38,2.56,2.43,2.68,2.61,2.6,,,,,
product650,headphones,1691790289.8194396,189.8,168.52,167.7,168.24,163.03,188.37,172.06,,,,,
product651,headphones,1691753469.0913725,292.01,256.05,289.61,280.38,270.48,260.67,279.4,,,,,
product652,smartphones,1691716180.559855,1100.89,936.09,936.95,1034.0,971.53,1071.38,1020.31,1023.31,971.38,1061.94,1082.05,1044.4
product653,beverages,1691697493.818418,1.7,1.45,1.47,1.69,1.59,1.54,1.48,1.53,1.57,1.59,1.48,1.52
product654,smartphones,1691686941.3452103,749.7,692.45,708.35,742.43,,,,,,,,
product655,headphones,1691671456.2607825,373.57,320.99,346.22,355.58,,,,,,,,
product656,beverages,1691587524.205733,3.05,2.67,2.64,2.82,,,,,,,,
product657,beverages,1691556773.738456,1.14,1.02,1.01,1.05,1.03,1.03,1.13,,,,,
product658,electronics,1691488761.8019516,1513.7,1300.87,1323.91,1334.2,1439.49,1401.17,1462.98,,,,,
product659,smartphones,1691417063.3361847,632.33,538.34,571.17,539.78,553.84,615.75,541.6,,,,,
product660,electronics,1691368100.4399662,1084.76,951.86,1057.51,974.61,941.29,1022.12,1014.22,981.13,966.9,1022.61,1026.54,998.04
product661,headphones,1691359801.95695,304.35,259.21,287.18,282.84,277.3,289.38,290.46,,,,,
product662,electronics,1691315117.2168467,625.65,547.61,553.12,584.49,570.6,555.61,541.39,594.71,571.31,595.56,625.17,570.04
product663,headphones,1691287565.0612216,277.62,244.42,263.41,263.06,269.47,255.64,274.77,,,,,
product664,smartphones,1691220616.619107,1227.19,1078.08,1161.68,1144.98,1216.82,1072.01,1044.73,1056.41,1063.26,1145.33,1153.17,1045.29
product665,headphones,1691197157.9664106,211.03,186.73,209.68,190.32,190.12,187.62,194.59,,,,,
product666,electronics,1691165149.1557012,1602.18,1408.03,1464.01,1588.88,1423.73,1597.88,1453.2,,,,,
product667,smartphones,1691089451.388402,669.47,570.72,600.92,571.25,660.42,627.58,578.29,637.82,585.77,571.11,606.96,571.78
product668,headphones,1691074543.0865242,121.13,103.03,119.6,118.69,105.48,112.05,103.79,,,,,
product669,headphones,1691068517.9558995,302.03,258.8,279.78,261.08,269.1,299.16,277.88,,,,,
product670,electronics,1691061851.111288,284.55,255.5,269.1,264.83,,,,,,,,
product671,smartphones,1691006376.7272093,744.8,641.37,682.1,735.31,683.51,659.93,689.92,681.94,705.8,736.9,711.67,698.37
product672,beverages,1690982005.3111,1.66,1.42,1.64,1.58,1.52,1.45,1.64,1.5,1.62,1.5,1.49,1.43
product673,beverages,1690978281.349904,3.18,2.73,3.15,3.15,3.15,2.72,2.9,3.11,2.91,3.05,2.97,3.15
product674,headphones,1690909769.713451,180.17,157.3,162.29,174.55,154.77,158.59,171.39,171.87,164.41,168.04,153.34,178.21
product675,electronics,1690829080.4690075,1918.27,1635.95,1808.19,1677.31,1899.1,1721.88,1742.38,,,,,
product676,electronics,1690753883.536346,1874.19,1593.52,1649.2,1672.78,1605.54,1728.06,1652.2,1793.1,1857.73,1722.12,1661.02,1857.81
product677,smartphones,1690697670.4072511,537.06,463.78,472.65,462.41,,,,,,,,
product678,beverages,1690673710.282295,3.1,2.78,2.72,2.7,2.92,2.82,2.88,,,,,
product679,headphones,1690632731.7648032,211.45,188.27,201.73,181.07,200.36,201.72,205.86,,,,,
product680,headphones,1690591573.6496904,276.2,255.69,241.55,239.77,,,,,,,,
product681,smartphones,1690542267.782802,1134.66,1043.5,1027.1,1060.76,,,,,,,,
product682,smartphones,1690480749.5474775,1208.21,1031.46,1080.28,1096.73,1172.43,1143.66,1051.12,,,,,
product683,headphones,1690447539.6452644,354.67,315.19,338.46,341.76,,,,,,,,
product684,headphones,1690421324.33672,191.52,164.48,180.37,185.27,173.33,191.45,183.74,171.42,179.79,173.55,169.51,173.2
product685,smartphones,1690357107.264238,951.18,853.07,881.07,940.88,,,,,,,,
product686,beverages,1690298245.815312,1.07,0.93,0.98,1.04,1.03,0.94,0.96,,,,,
product687,electronics,1690272001.7359848,1344.63,1204.42,1198.63,1314.43,1329.39,1213.47,1264.36,,,,,
product688,beverages,1690247308.8153763,2.48,2.25,2.37,2.38,2.36,2.4,2.21,,,,,
product689,headphones,1690235770.6831253,353.52,312.83,308.05,346.22,,,,,,,,
product690,electronics,1690185302.5836077,279.11,256.1,257.45,275.62,270.4,277.02,242.21,,,,,
product691,electronics,1690153200.9453764,891.86,797.88,853.53,830.15,,,,,,,,
product692,smartphones,1690111478.695701,548.97,519.56,531.54,503.08,,,,,,,,
product693,electronics,1690096518.8357925,341.93,297.99,330.76,311.61,,,,,,,,
product694,electronics,1690073972.0246599,1589.21,1428.58,1353.73,1414.71,,,,,,,,
product695,headphones,1690041860.7636242,254.04,220.28,242.7,237.14,245.64,222.67,233.16,253.38,219.27,240.01,222.37,236.54
product696,beverages,1689989484.5282772,3.19,2.77,2.73,3.08,2.83,2.74,2.9,,,,,
product697,headphones,1689931180.5271924,155.56,141.69,151.68,139.67,,,,,,,,
product698,electronics,1689890499.7883422,1121.07,984.31,975.12,1107.99,,,,,,,,
product699,beverages,1689876291.701073,1.1,0.96,1.09,1.04,1.02,0.97,1.0,0.94,0.95,1.01,1.04,1.03
product700,smartphones,1689794922.1456523,575.84,492.17,568.88,563.57,560.9,559.47,546.28,516.03,509.16,515.75,539.54,549.29
product701,smartphones,1689717808.2122386,954.17,845.78,843.27,938.9,,,,,,,,
product702,beverages,1689690662.1456819,3.32,2.82,3.0,2.93,3.11,3.24,2.86,3.12,3.07,3.19,2.98,3.0
product703,smartphones,1689618272.435439,1231.16,1078.92,1081.26,1125.72,1078.18,1169.34,1153.08,1124.18,1207.31,1070.53,1099.98,1150.38
product704,headphones,1689601403.190456,120.45,104.8,117.09,105.97,112.31,119.55,111.76,,,,,
product705,electronics,1689553273.1060257,1255.76,1073.98,1188.94,1210.26,1200.76,1152.13,1135.6,1075.19,1127.27,1083.44,1191.29,1171.41
product706,electronics,1689485490.135376,1092.37,989.66,949.65,1059.83,1049.88,1032.39,1021.29,,,,,
product707,beverages,1689417710.5956175,1.41,1.22,1.29,1.38,1.39,1.31,1.32,,,,,
product708,headphones,1689366845.252288,280.67,254.86,271.06,240.58,,,,,,,,
product709,smartphones,1689307134.7451768,1287.89,1151.87,1258.78,1101.59,1208.07,1152.15,1218.72,,,,,
product710,smartphones,1689273815.9609315,1285.57,1093.42,1208.23,1163.74,1107.69,1146.72,1195.81,,,,,
product711,beverages,1689190186.1009555,2.45,2.27,2.13,2.21,,,,,,,,
product712,headphones,1689165353.5953655,353.12,305.03,306.31,324.85,,,,,,,,
product713,electronics,1689083864.4102511,1304.15,1146.78,1192.94,1189.59,1116.15,1290.11,1195.29,1171.64,1220.09,1186.0,1242.56,1120.17
product714,smartphones,1688998034.2974188,1088.24,937.56,1079.99,1044.19,970.55,984.22,948.91,,,,,
product715,beverages,1688939356.1090665,1.34,1.16,1.19,1.18,1.15,1.29,1.17,1.25,1.3,1.27,1.24,1.25
product716,headphones,1688856659.559812,174.54,149.0,154.76,166.44,152.67,156.07,161.74,163.41,171.45,158.07,165.5,161.7
product717,beverages,1688786556.5955582,2.48,2.11,2.19,2.25,2.24,2.36,2.2,2.15,2.3,2.29,2.48,2.23
product718,electronics,1688733692.6187487,500.2,428.63,469.1,486.04,430.25,495.17,498.61,487.51,499.57,497.39,489.81,460.01
product719,electronics,1688690275.5657184,1719.61,1469.29,1477.98,1552.77,1681.48,1713.13,1601.83,1524.79,1557.34,1582.99,1523.56,1653.7
product720,headphones,1688632894.024089,113.03,108.71,102.83,98.78,,,,,,,,
product721,headphones,1688558045.9200723,374.62,365.01,343.47,356.91,,,,,,,,
product722,beverages,1688485197.3182414,1.86,1.64,1.65,1.77,,,,,,,,
product723,electronics,1688470088.0361989,1134.69,990.76,964.66,1097.34,,,,,,,,
product724,electronics,1688438585.2614288,340.81,308.44,337.63,315.52,301.41,298.73,305.22,292.24,316.28,306.48,329.34,320.57
product725,electronics,1688423255.5571918,700.68,600.26,612.67,677.99,597.59,648.4,603.24,,,,,
product726,smartphones,1688416379.419616,676.75,630.81,596.6,631.96,631.57,636.5,632.38,,,,,
product727,beverages,1688384984.0455616,2.89,2.56,2.46,2.86,,,,,,,,
product728,headphones,1688303476.2049375,300.35,267.79,258.25,275.6,287.68,256.86,272.35,,,,,
product729,smartphones,1688294068.9716146,1197.77,1063.66,1062.94,1074.39,1149.06,1169.01,1116.19,1160.57,1162.66,1172.35,1169.9,1190.33
product730,electronics,1688246267.2099943,1400.9,1255.28,1396.83,1345.93,1205.1,1390.43,1268.58,,,,,
product731,headphones,1688232534.3126714,234.5,215.33,233.9,227.58,,,,,,,,
product732,beverages,1688188232.1570354,1.38,1.18,1.34,1.32,1.22,1.19,1.25,1.33,1.31,1.29,1.23,1.3
product733,smartphones,1688159713.5430362,1173.49,1005.21,1063.96,1159.71,1074.36,1120.02,1101.59,1019.1,1143.95,1118.41,1051.89,1115.17
product734,electronics,1688096649.8987575,610.54,519.78,523.83,581.07,598.4,604.66,551.4,,,,,
product735,headphones,1688046295.8649015,150.16,132.77,131.96,136.01,147.79,131.13,138.54,147.55,140.47,143.81,147.63,130.4
product736,electronics,1688006562.0201337,1220.01,1044.49,1077.85,1139.15,1069.39,1193.04,1163.47,1204.5,1214.27,1215.94,1167.05,1119.02
product737,smartphones,1687985945.600191,641.82,616.07,625.19,557.95,,,,,,,,
product738,smartphones,1687907007.272993,903.7,768.97,898.59,820.41,,,,,,,,
product739,electronics,1687850230.4331515,678.07,581.59,663.58,628.45,581.29,590.35,656.17,639.37,590.87,624.38,580.31,603.17
product740,electronics,1687815821.6491508,1391.95,1188.67,1257.4,1348.34,1272.74,1368.84,1193.51,,,,,
product741,headphones,1687766150.4787443,359.72,307.77,327.6,332.7,339.84,320.69,306.87,,,,,
product742,beverages,1687682922.937032,3.19,2.82,2.94,3.0,3.15,2.81,2.76,3.14,3.14,3.11,2.86,2.85
product743,headphones,1687643879.4111142,201.91,173.56,172.56,197.94,197.09,196.37,175.26,,,,,
product744,electronics,1687611166.6128385,1836.61,1562.54,1643.54,1724.12,1698.32,1602.08,1771.72,1705.93,1606.54,1723.85,1630.37,1724.42
product745,smartphones,1687606140.2090185,1176.77,1049.12,1011.76,1126.0,1046.28,1159.51,1116.34,,,,,
product746,smartphones,1687572128.9755242,871.46,787.43,795.84,797.91,830.46,868.29,868.3,,,,,
product747,beverages,1687486955.6032362,1.0,0.86,0.9,0.9,0.93,0.98,0.85,0.96,0.86,0.87,0.9,0.93
product748,electronics,1687458720.371964,1153.75,986.98,1011.98,1095.72,1036.52,1120.4,1000.63,,,,,
product749,beverages,1687454063.5694902,2.35,2.11,2.02,2.19,,,,,,,,
product750,smartphones,1687426296.2966545,1274.92,1113.85,1195.76,1212.02,1180.92,1100.01,1266.21,1130.64,1112.45,1136.04,1145.78,1221.17
product751,beverages,1687403643.370658,1.99,1.74,1.93,1.73,1.73,1.88,1.87,,,,,
product752,headphones,1687323681.5545301,160.95,139.8,138.1,152.57,150.65,153.23,151.52,,,,,
product753,smartphones,1687265670.8628225,1265.45,1201.28,1105.88,1092.21,,,,,,,,
product754,smartphones,1687198033.5035625,1264.39,1148.14,1148.05,1086.65,,,,,,,,
product755,electronics,1687179509.0652997,1146.8,979.85,1040.05,1074.4,1002.85,1101.01,981.03,1050.09,1042.07,975.74,1059.1,1044.47
product756,beverages,1687136872.0364385,2.18,1.89,1.96,2.02,1.89,1.9,2.08,2.16,1.9,2.11,1.99,2.04
product757,headphones,1687128819.2648823,315.03,269.12,290.44,271.82,,,,,,,,
product758,electronics,1687089064.3306167,1700.23,1447.07,1542.56,1458.54,1663.74,1666.04,1580.37,1625.6,1494.84,1449.57,1641.99,1536.61
product759,beverages,1687028678.3874085,1.41,1.2,1.38,1.32,1.26,1.24,1.33,,,,,
product760,beverages,1686973785.1718597,1.69,1.45,1.49,1.64,1.57,1.6,1.45,,,,,
product761,headphones,1686894548.718084,233.37,200.59,215.52,227.25,219.0,225.31,219.7,218.69,216.61,210.21,199.51,207.11
product762,beverages,1686844110.3718982,2.21,1.89,2.06,1.95,2.05,2.04,2.0,1.89,2.1,1.96,2.21,1.9
product763,smartphones,1686760151.3753393,641.12,558.05,552.4,560.68,618.83,548.9,594.65,,,,,
product764,beverages,1686739896.7498908,3.41,2.94,3.4,3.19,,,,,,,,
product765,electronics,1686728771.1002734,1494.51,1271.97,1492.9,1381.85,,,,,,,,
product766,headphones,1686690010.4945872,333.15,292.89,324.77,305.39,327.98,309.42,287.32,311.37,301.13,314.66,332.46,290.73
product767,electronics,1686605204.990937,1128.88,980.33,1021.74,1097.61,1023.77,993.56,1073.33,1127.23,1018.02,1084.52,1013.8,1042.59
product768,smartphones,1686567242.1802387,815.82,742.48,762.86,764.19,809.59,782.27,748.02,779.24,749.43,813.67,763.38,761.91
product769,headphones,1686553677.8549013,126.05,110.63,113.3,122.02,118.52,121.19,121.04,120.69,121.54,124.82,107.55,117.62
product770,electronics,1686498409.4386222,1139.92,1014.61,1130.27,1107.41,,,,,,,,
product771,smartphones,1686471506.9938238,806.35,697.43,786.87,731.91,786.39,763.04,788.92,,,,,
product772,beverages,1686466697.9534545,2.73,2.35,2.49,2.61,2.53,2.39,2.51,,,,,
product773,headphones,1686436973.354881,345.52,294.36,312.76,333.81,317.21,321.04,327.31,,,,,
product774,smartphones,1686370001.6471112,1039.85,982.2,997.58,889.54,,,,,,,,
product775,electronics,1686332086.1856658,1737.22,1665.58,1589.42,1696.2,,,,,,,,
product776,smartphones,1686319124.8912423,660.36,615.81,649.48,645.17,,,,,,,,
product777,beverages,1686310201.6414113,2.39,2.04,2.19,2.13,2.26,2.17,2.31,2.08,2.21,2.14,2.33,2.06
product778,smartphones,1686292134.1994512,1242.32,1067.77,1226.77,1197.46,,,,,,,,
product779,headphones,1686257063.2457883,361.13,311.93,359.01,349.03,324.0,357.74,338.74,,,,,
product780,electronics,1686229890.8298538,398.48,338.74,387.75,395.71,374.89,370.33,361.67,,,,,
product781,smartphones,1686171432.044775,1128.64,968.47,1110.08,1044.53,966.15,1020.05,1011.15,1029.48,1003.05,997.68,1095.56,1087.77
product782,smartphones,1686105860.0478332,1154.79,1002.42,1035.11,1057.0,1044.83,1061.29,1150.92,,,,,
product783,headphones,1686084780.958513,222.92,208.57,209.77,205.93,,,,,,,,
product784,beverages,1686039952.9392989,3.31,2.84,3.3,3.3,3.29,2.86,3.27,,,,,
product785,smartphones,1686023001.6553905,1206.63,1142.73,1086.82,1083.48,,,,,,,,
product786,electronics,1685991594.7949252,754.86,651.43,673.25,700.35,652.42,718.46,665.84,736.25,642.84,650.04,725.85,736.42
product787,headphones,1685922679.5182219,127.44,114.45,114.78,109.45,,,,,,,,
product788,beverages,1685851322.5177696,2.68,2.29,2.54,2.57,2.39,2.44,2.32,2.29,2.5,2.37,2.38,2.56
product789,beverages,1685817996.902481,1.54,1.31,1.5,1.45,1.38,1.52,1.49,1.34,1.44,1.42,1.52,1.42
product790,beverages,1685740398.8854697,2.62,2.55,2.36,2.6,,,,,,,,
product791,electronics,1685682962.8410306,410.32,350.23,362.98,399.77,410.27,394.56,402.72,386.72,351.53,353.77,350.1,363.78
product792,electronics,1685626115.476092,1190.93,1031.16,1107.88,1015.7,1098.06,1178.25,1099.21,,,,,
product793,headphones,1685580541.1859581,223.6,201.63,213.41,194.62,,,,,,,,
product794,beverages,1685575299.7442033,1.95,1.67,1.69,1.93,1.84,1.87,1.85,,,,,
product795,smartphones,1685549759.1026833,805.81,694.1,689.32,786.05,756.0,736.37,702.01,,,,,
product796,electronics,1685517333.2260118,1731.07,1616.87,1567.74,1480.82,,,,,,,,
product797,smartphones,1685465074.0863945,862.98,735.24,775.16,849.86,767.19,795.18,742.89,,,,,
product798,beverages,1685393630.9476662,2.48,2.17,2.12,2.35,2.25,2.25,2.45,2.32,2.43,2.42,2.22,2.25
product799,beverages,1685342085.942973,1.62,1.39,1.42,1.48,1.61,1.45,1.39,1.58,1.41,1.45,1.42,1.4
product800,smartphones,1685285764.6882672,794.89,690.04,780.74,688.11,769.3,778.74,709.16,,,,,
product801,beverages,1685257024.046581,2.3,1.96,2.03,2.13,2.05,2.05,2.22,2.29,2.14,2.06,2.28,2.24
product802,beverages,1685232228.614859,1.12,0.95,1.1,1.08,,,,,,,,
product803,headphones,1685210151.5559006,187.36,168.07,172.87,176.28,161.18,185.68,161.12,,,,,
product804,electronics,1685162259.3955195,1674.68,1523.97,1522.94,1485.69,1577.63,1624.85,1624.06,,,,,
product805,electronics,1685137378.1829164,1958.72,1759.3,1801.48,1689.59,,,,,,,,
product806,headphones,1685133573.3943238,391.72,334.61,385.75,386.9,364.85,343.45,339.29,350.36,338.34,380.72,335.18,373.12
product807,electronics,1685116779.2053063,791.41,689.37,784.4,746.04,740.71,761.24,712.11,,,,,
product808,electronics,1685106163.2612977,1816.48,1668.29,1661.34,1674.21,,,,,,,,
product809,beverages,1685057890.369811,3.28,3.11,2.94,2.8,,,,,,,,
product810,headphones,1684988066.9163167,357.5,305.49,327.29,351.52,348.06,342.83,317.84,313.04,315.73,319.57,327.1,330.19
product811,beverages,1684973332.760186,1.58,1.4,1.5,1.36,1.44,1.43,1.54,,,,,
product812,smartphones,1684925228.234586,749.09,672.93,675.57,666.59,683.52,745.14,658.57,,,,,
product813,electronics,1684874008.1955767,577.75,499.62,562.36,577.13,,,,,,,,
product814,smartphones,1684815869.5873218,515.5,442.5,459.64,474.27,,,,,,,,
product815,smartphones,1684751430.935373,1102.66,998.97,1091.48,957.98,,,,,,,,
product816,smartphones,1684684490.5347004,961.65,831.67,893.83,880.2,928.15,856.38,877.44,874.59,831.17,837.29,822.56,942.72
product817,headphones,1684664829.0942771,197.88,179.11,180.23,178.4,,,,,,,,
product818,headphones,1684614088.864514,342.44,310.95,321.51,338.36,329.88,295.99,333.08,,,,,
product819,beverages,1684553953.364516,3.39,2.91,2.95,3.38,2.91,3.37,3.28,3.16,3.2,3.18,3.26,3.39
product820,headphones,1684509856.2791762,350.31,311.09,324.99,302.58,318.72,346.38,300.72,,,,,
product821,headphones,1684468429.2130876,272.97,232.14,258.26,255.4,261.74,236.74,268.11,238.52,234.37,257.03,237.35,246.9
product822,headphones,1684450584.3651376,353.71,301.98,333.47,323.18,339.22,313.9,346.64,301.4,320.32,314.08,302.13,322.95
product823,smartphones,1684438259.4683478,511.77,439.0,439.92,493.9,489.29,475.13,470.55,500.45,493.03,480.77,444.4,450.29
product824,headphones,1684368472.767549,325.79,303.08,288.5,298.39,306.07,305.25,293.14,,,,,
product825,headphones,1684346625.4233594,177.35,151.95,166.12,172.1,170.2,171.21,153.53,,,,,
product826,electronics,1684309218.8630168,1967.3,1725.36,1722.57,1755.73,1907.54,1939.44,1746.7,,,,,
product827,smartphones,1684260430.6442258,1134.24,972.12,1021.39,1134.08,1054.84,1066.89,993.05,1034.05,1076.79,980.28,1088.12,1050.51
product828,beverages,1684206768.524843,2.72,2.49,2.5,2.72,,,,,,,,
product829,beverages,1684158671.1443772,2.36,2.32,2.35,2.09,,,,,,,,
product830,electronics,1684146103.445303,1363.79,1159.7,1281.82,1186.44,1296.64,1278.66,1285.7,,,,,
product831,beverages,1684062909.5527933,2.25,1.98,2.24,2.15,2.25,2.04,2.05,,,,,
product832,beverages,1683994484.9164689,2.85,2.53,2.48,2.55,,,,,,,,
product833,smartphones,1683934333.956869,903.47,807.01,850.8,898.53,826.67,804.98,884.66,884.58,828.47,898.84,787.22,815.46
product834,smartphones,1683875540.4615827,564.88,502.14,526.76,553.2,485.93,536.7,558.34,,,,,
product835,electronics,1683823458.3616533,1634.69,1517.94,1513.68,1412.02,,,,,,,,
product836,headphones,1683806259.2634783,216.94,190.8,186.2,198.65,195.26,197.9,190.89,,,,,
product837,smartphones,1683725924.087897,728.59,648.22,705.19,726.35,,,,,,,,
product838,headphones,1683678936.077848,211.94,183.58,184.7,202.41,184.17,194.98,184.36,,,,,
product839,headphones,1683618837.3560576,317.95,272.0,314.23,316.39,277.1,286.15,279.05,,,,,
product840,electronics,1683591086.4072182,1455.74,1305.48,1339.62,1325.77,1347.41,1443.88,1259.57,,,,,
product841,headphones,1683563272.2204278,272.92,233.71,245.0,256.35,253.65,247.51,233.88,,,,,
product842,headphones,1683501880.5661883,159.4,139.14,146.92,146.77,149.79,155.46,135.71,155.48,144.16,155.87,141.27,158.05
product843,electronics,1683454383.8980567,1466.18,1248.46,1408.16,1451.52,1313.5,1394.84,1338.01,,,,,
product844,electronics,1683371276.291576,625.59,596.79,560.93,533.46,,,,,,,,
product845,smartphones,1683316499.0704165,576.15,495.09,529.24,536.85,541.3,515.38,555.56,563.7,535.97,549.7,538.75,560.68
product846,smartphones,1683279010.3796465,804.73,688.79,703.76,709.71,803.51,788.28,719.68,803.75,703.68,760.01,768.71,740.63
product847,electronics,1683222883.1242006,254.69,218.71,245.68,225.13,221.36,233.43,240.67,225.34,239.46,234.36,234.24,225.09
product848,beverages,1683200560.67895,1.15,1.0,1.03,0.99,,,,,,,,
product849,beverages,1683194526.4936526,1.13,0.97,1.05,1.03,0.98,1.04,0.98,,,,,
product850,beverages,1683182820.412601,2.41,2.06,2.39,2.39,,,,,,,,
product851,beverages,1683134592.3282166,3.32,2.93,3.16,3.23,3.08,2.99,3.13,2.9,3.09,3.02,2.84,3.25
product852,electronics,1683099881.6729982,616.31,523.89,553.64,548.31,595.22,603.43,527.7,,,,,
product853,beverages,1683077339.2661145,1.7,1.48,1.67,1.68,1.48,1.46,1.47,,,,,
product854,headphones,1683071845.471798,246.79,227.06,226.94,235.84,211.75,233.8,225.29,,,,,
product855,electronics,1683009805.3850796,253.18,215.9,249.2,233.96,238.27,243.69,229.99,236.08,223.64,228.25,237.82,238.15
product856,electronics,1682950262.1341112,1196.07,1040.34,1098.49,1087.26,1142.07,1048.38,1046.28,,,,,
product857,headphones,1682890951.8497975,148.49,141.83,137.19,146.11,,,,,,,,
product858,electronics,1682820181.643086,1259.59,1096.34,1223.28,1204.05,,,,,,,,
product859,smartphones,1682778491.1132743,1165.38,1000.95,1129.17,1131.58,998.75,1160.3,1014.75,1098.57,1107.83,1085.24,1126.21,997.3
product860,electronics,1682773859.3954883,1464.69,1273.92,1352.11,1429.57,1300.54,1295.24,1257.66,1365.99,1371.76,1314.29,1333.58,1458.84
product861,smartphones,1682691829.9074864,1209.84,1043.83,1049.0,1124.46,1136.94,1098.51,1061.21,,,,,
product862,headphones,1682652376.754891,122.92,106.22,114.09,108.69,113.91,107.25,120.94,108.7,115.48,118.1,110.35,115.35
product863,headphones,1682592015.8781478,161.53,146.09,140.47,141.27,,,,,,,,
product864,smartphones,1682523815.1724832,970.22,832.37,935.89,925.59,865.44,943.07,857.4,851.96,907.73,894.69,896.39,924.75
product865,headphones,1682502737.5756629,131.68,114.47,122.55,129.75,116.94,113.3,117.74,128.47,120.46,114.67,115.93,119.47
product866,electronics,1682443768.0630214,369.11,359.43,313.81,321.52,,,,,,,,
product867,smartphones,1682426019.887794,1256.02,1156.6,1145.88,1136.8,1224.26,1202.9,1074.86,,,,,
product868,smartphones,1682388754.2495713,588.57,506.12,522.38,531.8,535.46,528.52,511.57,585.25,573.75,527.63,508.88,549.99
product869,beverages,1682359815.3352933,3.22,2.77,2.84,2.82,,,,,,,,
product870,beverages,1682348927.113169,2.2,2.11,1.91,2.13,,,,,,,,
product871,smartphones,1682285347.3922226,673.56,588.51,616.89,627.4,660.37,575.64,658.18,,,,,
product872,headphones,1682226786.646924,257.35,224.49,220.0,242.22,,,,,,,,
product873,beverages,1682165750.8217998,1.6,1.37,1.51,1.46,1.59,1.49,1.53,,,,,
product874,electronics,1682102657.8037584,1378.19,1224.31,1280.14,1353.01,,,,,,,,
product875,beverages,1682031040.4571953,1.97,1.72,1.85,1.76,1.94,1.96,1.8,1.72,1.71,1.83,1.97,1.91
product876,headphones,1681952882.463967,339.94,291.85,302.03,296.89,298.07,311.01,318.79,,,,,
product877,electronics,1681866680.5851157,1807.8,1574.75,1592.77,1738.22,1646.4,1678.38,1610.53,1707.59,1704.02,1571.96,1645.3,1565.1
product878,electronics,1681861977.071675,922.21,836.13,872.56,904.77,,,,,,,,
product879,beverages,1681778865.2801764,3.02,2.58,2.89,2.77,2.92,2.7,2.64,2.61,3.01,2.95,2.76,2.6
product880,beverages,1681740371.3982756,1.87,1.6,1.84,1.73,1.83,1.78,1.65,,,,,
product881,headphones,1681723503.6114473,299.28,259.01,272.27,267.97,294.87,273.05,288.28,262.35,285.51,294.64,287.95,255.77
product882,electronics,1681649076.5650194,891.84,791.16,884.67,798.93,875.09,770.41,763.16,,,,,
product883,headphones,1681570398.7491376,147.59,128.45,129.76,139.78,129.06,131.69,138.49,,,,,
product884,smartphones,1681549434.211681,840.21,721.29,749.98,829.03,,,,,,,,
product885,beverages,1681541352.0741575,3.2,2.72,3.04,2.98,3.04,2.8,3.15,,,,,
product886,headphones,1681525472.6189847,317.34,269.85,310.51,272.12,282.04,314.36,314.96,,,,,
product887,smartphones,1681494022.6410043,794.25,699.82,776.9,715.37,677.81,728.42,763.98,,,,,
product888,headphones,1681487781.977854,256.76,220.87,249.01,255.26,226.52,250.12,227.32,252.14,219.8,219.9,244.22,236.62
product889,headphones,1681471040.0319927,228.33,205.71,221.13,214.81,206.08,223.36,227.73,,,,,
product890,beverages,1681417343.1792512,3.07,2.84,2.85,2.92,2.7,2.9,2.89,,,,,
product891,electronics,1681339096.8607788,1283.62,1113.35,1140.34,1238.41,1252.6,1268.54,1203.33,1216.15,1169.19,1277.99,1175.61,1101.65
product892,smartphones,1681301892.5567865,612.27,571.96,564.65,542.42,601.76,523.24,559.39,,,,,
product893,beverages,1681262517.7817802,2.94,2.52,2.63,2.76,2.7,2.93,2.63,,,,,
product894,smartphones,1681224083.5651126,1260.98,1102.37,1149.8,1231.79,1110.72,1181.73,1092.67,1103.9,1175.77,1250.38,1125.21,1246.3
product895,headphones,1681177589.8931212,362.1,314.56,323.66,332.39,349.39,353.8,341.25,321.15,326.09,333.06,319.27,329.41
product896,beverages,1681148235.7900255,2.97,2.53,2.53,2.84,2.71,2.57,2.76,2.58,2.78,2.78,2.6,2.79
product897,headphones,1681070737.0525403,315.22,268.24,281.59,310.85,311.71,271.2,313.36,289.9,302.05,290.07,300.44,302.43
product898,headphones,1681020691.120208,281.08,263.59,277.94,239.66,,,,,,,,
product899,smartphones,1680998449.7682652,1004.67,897.28,918.39,908.67,948.43,917.01,938.15,,,,,
product900,beverages,1680957087.121568,2.53,2.19,2.16,2.25,2.45,2.5,2.47,2.39,2.25,2.28,2.23,2.43
product901,smartphones,1680923551.7039163,683.14,594.39,677.87,666.12,662.27,604.2,600.78,,,,,
product902,headphones,1680845227.522115,112.92,99.09,107.43,105.46,112.52,106.81,109.15,,,,,
product903,smartphones,1680839891.4373393,618.16,537.4,594.3,571.81,580.06,559.42,587.07,,,,,
product904,headphones,1680764897.2300684,321.37,279.91,307.93,293.03,274.26,287.07,274.24,,,,,
product905,smartphones,1680692503.2466617,1276.16,1115.42,1225.84,1221.6,1224.87,1102.62,1259.59,,,,,
product906,headphones,1680678567.0363007,325.51,277.24,316.36,310.82,276.73,304.5,299.52,,,,,
product907,beverages,1680647497.9306874,1.38,1.25,1.26,1.23,1.25,1.19,1.23,,,,,
product908,smartphones,1680566924.9913006,733.91,631.36,682.21,644.11,660.91,628.54,673.07,715.0,641.37,661.28,698.74,713.87
product909,beverages,1680552501.1896458,1.54,1.38,1.47,1.34,,,,,,,,
product910,smartphones,1680470704.0376132,673.0,581.36,610.02,668.24,,,,,,,,
product911,headphones,1680428591.6010678,178.59,162.61,177.47,165.82,,,,,,,,
product912,beverages,1680417294.6564624,1.04,0.99,0.98,0.95,,,,,,,,
product913,headphones,1680364856.4386175,282.66,242.56,240.64,276.52,,,,,,,,
product914,headphones,1680316649.3987522,325.36,276.9,290.56,312.23,282.42,318.59,318.67,299.36,311.28,301.45,306.43,310.87
product915,electronics,1680237223.9052334,1084.11,960.77,954.21,1042.02,998.34,1007.67,957.85,,,,,
product916,beverages,1680194339.5265534,3.12,2.75,2.98,2.93,,,,,,,,
product917,beverages,1680123936.0934105,2.22,1.97,1.99,1.92,,,,,,,,
product918,beverages,1680042796.427224,1.37,1.19,1.29,1.3,1.22,1.17,1.2,,,,,
product919,electronics,1680023116.6204388,986.55,839.9,981.56,878.11,945.62,899.9,883.8,906.86,976.9,861.86,839.34,918.38
product920,smartphones,1679973425.1315837,1016.46,908.71,884.49,1008.33,,,,,,,,
product921,smartphones,1679901321.5363371,995.49,853.97,891.92,967.84,888.78,872.36,946.8,,,,,
product922,electronics,1679887284.2262816,948.22,828.23,832.22,826.36,832.6,898.46,831.04,,,,,
product923,electronics,1679834318.5184374,900.02,800.84,821.61,783.19,877.09,855.46,853.76,,,,,
product924,electronics,1679760859.3362155,474.36,417.85,408.93,431.67,,,,,,,,
product925,beverages,1679734684.2351706,3.18,2.88,3.02,3.17,2.99,3.16,2.77,,,,,
product926,headphones,1679686934.5362878,305.24,261.81,272.61,290.4,,,,,,,,
product927,beverages,1679670953.890084,1.84,1.65,1.59,1.74,1.59,1.79,1.58,,,,,
product928,electronics,1679662004.4093006,1193.96,1051.79,1045.47,1126.43,1085.79,1086.23,1092.61,,,,,
product929,electronics,1679623519.6639102,687.98,592.28,620.55,598.7,607.03,670.46,664.91,619.44,604.21,682.5,675.66,598.38
product930,headphones,1679566091.7427728,254.34,218.12,222.81,234.08,222.87,238.18,247.2,241.68,230.06,226.75,216.38,219.69
product931,smartphones,1679536599.112086,512.96,453.32,477.29,442.31,444.85,438.64,448.44,,,,,
product932,electronics,1679503756.2014544,332.63,299.25,312.07,310.66,329.98,307.89,321.17,,,,,
product933,smartphones,1679452841.0065274,855.29,761.1,801.97,788.4,808.03,768.47,752.3,,,,,
product934,headphones,1679423937.6149533,235.93,209.92,227.26,200.74,212.46,214.73,222.42,201.87,234.41,218.16,203.74,201.99
product935,electronics,1679361406.6162941,1466.76,1251.85,1268.67,1361.72,1270.33,1349.84,1430.04,1419.08,1417.2,1452.21,1266.49,1269.71
product936,beverages,1679323599.5506637,3.12,2.79,2.79,3.0,3.04,2.84,2.66,,,,,
product937,beverages,1679281086.1751645,2.44,2.1,2.2,2.36,2.16,2.25,2.37,2.44,2.13,2.28,2.32,2.19
product938,beverages,1679227719.2384348,2.66,2.28,2.64,2.56,2.4,2.47,2.47,2.27,2.33,2.66,2.6,2.31
product939,headphones,1679187805.6655428,257.93,224.79,245.41,254.71,254.81,253.53,241.13,225.79,223.14,225.3,244.02,231.67
product940,smartphones,1679112445.3350105,1211.97,1038.47,1161.16,1080.96,1211.73,1091.31,1208.03,1061.94,1128.15,1135.31,1043.28,1072.43
product941,beverages,1679105619.7285573,1.31,1.15,1.14,1.14,,,,,,,,
product942,smartphones,1679053565.3380501,573.97,506.15,496.47,573.65,537.07,497.43,501.89,520.18,500.89,499.89,558.37,503.38
product943,beverages,1678989539.1988118,2.0,1.87,1.83,1.92,,,,,,,,
product944,headphones,1678908024.1722915,358.99,309.58,332.07,309.62,346.98,354.73,348.25,,,,,
product945,beverages,1678826975.9268997,1.26,1.13,1.16,1.22,,,,,,,,
product946,beverages,1678757201.4919615,2.13,1.84,2.04,2.08,2.04,1.94,1.97,1.94,1.93,1.96,2.04,1.95
product947,beverages,1678736860.047146,1.71,1.57,1.58,1.6,,,,,,,,
product948,smartphones,1678686941.894836,1134.4,1057.05,1058.52,997.62,1055.45,1096.69,1091.58,,,,,
product949,beverages,1678602130.1212916,1.65,1.51,1.52,1.49,,,,,,,,
product950,electronics,1678594273.8204992,459.76,421.84,432.71,443.78,,,,,,,,
product951,smartphones,1678559609.4137619,836.31,734.85,801.1,712.27,,,,,,,,
product952,beverages,1678539343.0113802,2.89,2.52,2.84,2.79,,,,,,,,
product953,smartphones,1678503859.0017953,1046.99,977.94,1008.69,897.78,917.5,952.47,1002.65,,,,,
product954,headphones,1678423873.247943,209.54,178.43,205.38,199.7,205.69,192.72,194.43,206.76,184.62,182.3,183.12,178.32
product955,headphones,1678413637.5701735,103.9,88.49,95.08,92.33,95.87,92.19,103.17,,,,,
product956,headphones,1678377989.0754485,350.11,304.28,323.03,304.33,303.36,304.63,324.3,,,,,
product957,beverages,1678301477.2424946,3.29,2.96,3.26,2.98,3.1,3.16,3.09,,,,,
product958,headphones,1678269896.9154227,306.08,266.73,303.46,297.09,278.41,283.69,291.21,,,,,
product959,headphones,1678256424.5569365,115.1,98.24,111.32,98.14,111.38,108.98,100.12,105.59,101.32,109.73,108.39,100.06
product960,headphones,1678171990.5692425,238.96,205.18,211.15,221.57,203.3,231.61,222.23,214.8,230.24,218.42,209.74,204.36
product961,headphones,1678118938.0568743,196.77,177.42,193.02,186.81,,,,,,,,
product962,smartphones,1678083594.8581195,1213.79,1057.45,1032.73,1152.32,1144.85,1202.41,1087.63,1088.46,1175.51,1109.91,1160.95,1094.67
product963,smartphones,1678048756.5727646,1097.63,952.57,1072.65,1032.09,,,,,,,,
product964,electronics,1677989695.6141322,367.85,364.94,363.78,357.57,,,,,,,,
product965,electronics,1677983148.3416932,1010.62,887.21,878.72,870.21,863.63,974.01,960.77,,,,,
product966,beverages,1677906006.2087684,1.99,1.7,1.98,1.98,1.92,1.82,1.92,,,,,
product967,beverages,1677879820.9139624,1.64,1.53,1.44,1.53,,,,,,,,
product968,headphones,1677795216.1160347,238.95,205.18,233.98,220.27,203.69,219.85,227.34,,,,,
product969,electronics,1677736819.2787147,951.77,811.56,892.47,810.7,838.05,905.44,854.43,,,,,
product970,electronics,1677664593.998226,1111.96,945.41,1062.13,1090.87,1104.45,1034.78,1033.68,1023.55,975.09,1085.81,947.25,1012.59
product971,electronics,1677609880.9366708,620.23,532.7,563.34,559.94,,,,,,,,
product972,headphones,1677552642.5427055,296.95,261.18,276.13,285.73,285.25,253.68,280.9,,,,,
product973,smartphones,1677530819.7712436,1115.44,951.11,1082.12,1018.97,1097.08,949.1,997.48,,,,,
product974,smartphones,1677494805.8354707,1011.7,871.83,929.98,883.75,,,,,,,,
product975,headphones,1677441835.2434819,393.98,338.81,357.35,353.87,356.65,375.87,365.99,,,,,
product976,headphones,1677376209.3010058,221.58,188.88,216.79,213.68,208.53,193.2,192.35,215.11,202.49,191.26,191.96,214.43
product977,headphones,1677345052.8933203,296.75,257.33,289.93,278.73,259.76,263.53,263.15,,,,,
product978,headphones,1677293405.4013004,273.45,232.8,267.87,251.32,,,,,,,,
product979,beverages,1677289216.9031525,3.43,3.0,3.16,3.07,3.17,3.38,3.08,3.02,3.02,3.13,3.18,3.02
product980,beverages,1677235193.4842496,1.77,1.62,1.75,1.63,1.73,1.57,1.75,,,,,
product981,headphones,1677165831.5457199,217.84,191.14,208.65,208.51,185.46,212.09,209.85,191.07,197.41,202.47,199.58,213.38
product982,electronics,1677110048.396822,997.11,865.95,896.3,893.81,950.81,964.95,914.45,,,,,
product983,beverages,1677046828.6525033,1.66,1.43,1.52,1.47,1.57,1.58,1.57,1.55,1.45,1.61,1.49,1.43
product984,beverages,1677012349.9066215,2.08,1.81,1.93,2.02,,,,,,,,
product985,smartphones,1676950089.684305,520.61,504.1,460.71,454.09,,,,,,,,
product986,smartphones,1676933580.8735452,565.0,500.9,531.34,551.55,487.45,564.07,513.68,,,,,
product987,smartphones,1676884325.9001565,750.24,659.29,712.69,711.53,,,,,,,,
product988,smartphones,1676865860.2145975,839.72,728.35,768.31,799.87,748.84,832.94,806.67,,,,,
product989,headphones,1676805508.742401,361.08,318.77,351.0,341.45,,,,,,,,
product990,headphones,1676766464.2729616,333.24,308.09,300.11,300.5,,,,,,,,
product991,electronics,1676695343.6536412,1531.41,1312.4,1422.27,1497.6,1468.01,1445.34,1418.19,1459.66,1438.5,1520.51,1435.18,1528.52
product992,beverages,1676627833.0246196,2.3,2.05,1.97,2.27,,,,,,,,
product993,beverages,1676586936.4724426,1.82,1.64,1.57,1.66,1.8,1.6,1.77,,,,,
product994,beverages,1676541667.0574079,1.59,1.39,1.57,1.57,,,,,,,,
product995,electronics,1676526988.4013069,1569.09,1389.29,1460.99,1453.07,1372.61,1531.91,1538.9,,,,,
product996,electronics,1676499139.801972,525.69,500.47,493.16,457.06,,,,,,,,
product997,electronics,1676434183.5317624,1410.8,1334.06,1376.17,1316.88,,,,,,,,
product998,beverages,1676416572.8689165,1.59,1.41,1.47,1.49,1.58,1.35,1.56,,,,,
product999,beverages,1676388766.7751257,3.06,2.85,2.75,2.71,,,,,,,,
product1000,electronics,1676315658.6395264,642.82,547.58,559.33,620.88,564.4,587.84,629.89,,,,,
